"Dec 15, 2017";"294.000";"272.400";"314.210";"239.990";"16.24K";"7.93%"
"Dec 16, 2017";"293.970";"294.000";"305.000";"285.000";"8.90K";"-0.01%"
"Dec 17, 2017";"311.400";"293.970";"328.800";"290.000";"14.41K";"5.93%"
"Dec 18, 2017";"352.000";"311.400";"360.960";"277.000";"17.04K";"13.04%"
"Dec 19, 2017";"338.480";"352.000";"366.960";"303.010";"22.95K";"-3.84%"
"Jan 01, 2018";"222.700";"222.980";"230.480";"213.500";"20.17K";"-34.21%"
"Jan 02, 2018";"247.330";"222.620";"256.000";"222.620";"63.35K";"11.06%"
"Jan 03, 2018";"237.540";"247.750";"253.110";"234.300";"71.39K";"-3.96%"
"Jan 04, 2018";"233.130";"238.060";"238.880";"220.540";"78.17K";"-1.86%"
"Jan 05, 2018";"240.360";"232.570";"250.100";"230.390";"64.99K";"3.10%"
"Jan 06, 2018";"275.020";"239.860";"312.300";"238.760";"100.82K";"14.42%"
"Jan 07, 2018";"269.300";"274.850";"285.450";"262.910";"43.79K";"-2.08%"
"Jan 08, 2018";"252.490";"268.500";"270.710";"218.250";"76.29K";"-6.24%"
"Jan 09, 2018";"243.920";"250.800";"256.670";"235.470";"54.00K";"-3.39%"
"Jan 10, 2018";"247.170";"245.150";"248.050";"225.200";"70.85K";"1.33%"
"Jan 11, 2018";"224.510";"248.500";"252.160";"203.020";"83.67K";"-9.17%"
"Jan 12, 2018";"232.720";"223.770";"240.400";"216.860";"45.88K";"3.66%"
"Jan 13, 2018";"257.500";"233.930";"262.140";"233.310";"42.80K";"10.65%"
"Jan 14, 2018";"234.120";"257.710";"270.360";"223.730";"62.20K";"-9.08%"
"Jan 15, 2018";"229.500";"234.120";"242.310";"228.780";"35.76K";"-1.97%"
"Jan 16, 2018";"179.430";"229.500";"242.000";"135.670";"149.93K";"-21.82%"
"Jan 17, 2018";"183.450";"179.280";"197.970";"137.050";"155.62K";"2.24%"
"Jan 18, 2018";"187.080";"184.000";"202.160";"170.820";"98.41K";"1.98%"
"Jan 19, 2018";"191.420";"186.140";"199.000";"177.010";"59.37K";"2.32%"
"Jan 20, 2018";"210.450";"191.440";"214.980";"190.670";"59.16K";"9.94%"
"Jan 21, 2018";"190.000";"210.400";"210.400";"180.880";"64.82K";"-9.72%"
"Jan 22, 2018";"178.000";"190.600";"195.000";"163.480";"60.38K";"-6.32%"
"Jan 23, 2018";"177.050";"176.600";"186.410";"163.660";"49.51K";"-0.53%"
"Jan 24, 2018";"180.750";"177.340";"185.000";"171.580";"43.30K";"2.09%"
"Jan 25, 2018";"179.630";"180.580";"186.000";"175.980";"39.83K";"-0.62%"
"Jan 26, 2018";"177.090";"179.590";"183.000";"165.080";"49.47K";"-1.41%"
"Jan 27, 2018";"182.560";"176.960";"184.000";"173.170";"31.42K";"3.09%"
"Jan 28, 2018";"197.390";"182.110";"197.930";"181.700";"47.27K";"8.12%"
"Jan 29, 2018";"181.510";"196.740";"197.190";"180.010";"36.90K";"-8.04%"
"Jan 30, 2018";"168.010";"181.500";"181.960";"161.820";"56.60K";"-7.44%"
"Jan 31, 2018";"164.810";"168.210";"169.310";"157.500";"37.22K";"-1.90%"
"Feb 01, 2018";"143.800";"164.830";"167.200";"132.700";"64.83K";"-12.75%"
"Feb 02, 2018";"132.060";"143.690";"144.220";"108.710";"124.20K";"-8.16%"
"Feb 03, 2018";"160.560";"131.680";"166.770";"121.030";"143.21K";"21.58%"
"Feb 04, 2018";"147.430";"160.290";"174.560";"138.610";"300.10K";"-8.18%"
"Feb 05, 2018";"125.000";"147.290";"153.890";"117.190";"299.98K";"-15.21%"
"Feb 06, 2018";"141.030";"125.030";"146.400";"106.650";"393.07K";"12.82%"
"Feb 07, 2018";"137.980";"140.700";"156.780";"130.230";"178.65K";"-2.16%"
"Feb 08, 2018";"142.370";"137.210";"143.350";"137.210";"177.62K";"3.18%"
"Feb 09, 2018";"163.730";"152.070";"164.370";"151.620";"65.18K";"15.00%"
"Feb 10, 2018";"154.660";"163.750";"168.830";"147.090";"133.13K";"-5.54%"
"Feb 11, 2018";"148.310";"154.620";"155.990";"139.570";"90.62K";"-4.11%"
"Feb 12, 2018";"161.550";"148.220";"163.480";"148.220";"92.54K";"8.93%"
"Feb 13, 2018";"159.580";"161.620";"162.930";"152.030";"76.55K";"-1.22%"
"Feb 14, 2018";"212.000";"159.450";"218.070";"159.440";"734.01K";"32.85%"
"Feb 15, 2018";"221.300";"212.000";"236.480";"206.990";"676.35K";"4.39%"
"Feb 16, 2018";"227.970";"220.640";"235.280";"208.770";"407.98K";"3.01%"
"Feb 17, 2018";"228.010";"228.080";"232.000";"222.990";"190.07K";"0.02%"
"Feb 18, 2018";"213.390";"228.100";"231.300";"210.100";"302.22K";"-6.41%"
"Feb 19, 2018";"221.440";"213.250";"226.250";"211.480";"171.72K";"3.77%"
"Feb 20, 2018";"228.000";"221.490";"253.650";"221.110";"533.62K";"2.96%"
"Feb 21, 2018";"209.600";"228.490";"232.700";"203.710";"493.44K";"-8.07%"
"Feb 22, 2018";"192.610";"209.350";"221.940";"188.320";"396.51K";"-8.11%"
"Feb 23, 2018";"206.500";"192.570";"216.180";"182.000";"427.03K";"7.21%"
"Feb 24, 2018";"206.500";"206.140";"218.760";"193.620";"326.48K";"0.00%"
"Feb 25, 2018";"217.500";"206.510";"222.930";"199.000";"314.00K";"5.33%"
"Feb 26, 2018";"218.220";"218.570";"231.950";"214.630";"409.22K";"0.33%"
"Feb 27, 2018";"214.250";"218.190";"224.000";"212.260";"248.86K";"-1.82%"
"Feb 28, 2018";"201.870";"214.950";"223.350";"201.510";"185.68K";"-5.78%"
"Mar 01, 2018";"209.250";"201.860";"214.890";"200.200";"121.49K";"3.66%"
"Mar 02, 2018";"212.800";"209.170";"214.300";"203.810";"89.82K";"1.70%"
"Mar 03, 2018";"210.040";"212.950";"218.290";"208.430";"120.13K";"-1.30%"
"Mar 04, 2018";"213.190";"210.040";"215.210";"204.540";"67.08K";"1.50%"
"Mar 05, 2018";"210.490";"213.500";"216.840";"208.730";"71.66K";"-1.27%"
"Mar 06, 2018";"195.660";"210.430";"210.430";"191.500";"130.10K";"-7.05%"
"Mar 07, 2018";"185.460";"196.240";"199.220";"173.450";"228.79K";"-5.21%"
"Mar 08, 2018";"175.240";"185.010";"187.390";"173.770";"160.82K";"-5.51%"
"Mar 09, 2018";"186.080";"175.000";"189.960";"158.260";"308.75K";"6.19%"
"Mar 10, 2018";"176.480";"185.790";"194.830";"174.560";"186.91K";"-5.16%"
"Mar 11, 2018";"188.070";"176.740";"193.490";"170.240";"197.84K";"6.57%"
"Mar 12, 2018";"177.600";"188.160";"192.880";"174.180";"142.83K";"-5.57%"
"Mar 13, 2018";"175.010";"177.640";"181.630";"170.900";"115.97K";"-1.46%"
"Mar 14, 2018";"160.150";"175.030";"177.440";"156.560";"151.27K";"-8.49%"
"Mar 15, 2018";"164.130";"160.000";"167.480";"149.870";"207.48K";"2.49%"
"Mar 16, 2018";"164.810";"164.000";"171.480";"157.570";"113.61K";"0.41%"
"Mar 17, 2018";"151.800";"164.010";"165.810";"150.200";"104.93K";"-7.89%"
"Mar 18, 2018";"153.500";"151.620";"157.050";"137.200";"241.69K";"1.12%"
"Mar 19, 2018";"161.320";"154.410";"163.730";"150.990";"171.88K";"5.09%"
"Mar 20, 2018";"168.240";"161.230";"173.500";"155.550";"125.78K";"4.29%"
"Mar 21, 2018";"168.710";"168.690";"175.380";"165.330";"110.90K";"0.28%"
"Mar 22, 2018";"163.650";"168.320";"172.500";"159.550";"100.60K";"-3.00%"
"Mar 23, 2018";"168.640";"163.650";"169.070";"156.300";"80.72K";"3.05%"
"Mar 24, 2018";"158.700";"168.890";"169.510";"158.200";"73.85K";"-5.89%"
"Mar 25, 2018";"160.010";"158.850";"162.890";"156.950";"46.21K";"0.83%"
"Mar 26, 2018";"147.830";"160.110";"161.000";"141.700";"99.51K";"-7.61%"
"Mar 27, 2018";"134.750";"148.160";"149.340";"134.750";"103.47K";"-8.85%"
"Mar 28, 2018";"131.220";"135.000";"139.610";"130.210";"83.93K";"-2.62%"
"Mar 29, 2018";"114.700";"131.220";"132.470";"112.720";"187.40K";"-12.59%"
"Mar 30, 2018";"118.130";"114.520";"126.050";"109.810";"252.09K";"2.99%"
"Mar 31, 2018";"116.050";"118.350";"124.060";"115.420";"128.25K";"-1.76%"
"Apr 01, 2018";"114.740";"116.190";"118.000";"109.260";"113.21K";"-1.13%"
"Apr 02, 2018";"119.050";"115.060";"121.480";"113.840";"91.03K";"3.76%"
"Apr 03, 2018";"134.000";"119.050";"136.800";"118.000";"139.42K";"12.56%"
"Apr 04, 2018";"118.020";"134.040";"134.580";"115.400";"168.99K";"-11.93%"
"Apr 05, 2018";"118.400";"118.070";"122.140";"113.740";"125.57K";"0.32%"
"Apr 06, 2018";"112.790";"118.260";"120.060";"111.750";"83.18K";"-4.74%"
"Apr 07, 2018";"115.870";"112.790";"119.720";"112.190";"73.13K";"2.73%"
"Apr 08, 2018";"117.820";"115.900";"118.430";"115.380";"42.58K";"1.68%"
"Apr 09, 2018";"114.790";"117.550";"122.960";"112.520";"98.64K";"-2.57%"
"Apr 10, 2018";"114.250";"114.780";"115.190";"111.490";"54.50K";"-0.47%"
"Apr 11, 2018";"118.350";"114.250";"119.570";"112.980";"62.64K";"3.59%"
"Apr 12, 2018";"129.610";"118.460";"130.750";"113.000";"232.19K";"9.51%"
"Apr 13, 2018";"125.310";"129.750";"133.630";"123.850";"187.84K";"-3.32%"
"Apr 14, 2018";"126.440";"125.000";"129.710";"124.260";"77.11K";"0.90%"
"Apr 15, 2018";"132.450";"126.650";"132.880";"126.650";"61.11K";"4.75%"
"Apr 16, 2018";"128.960";"132.150";"133.490";"124.880";"86.55K";"-2.63%"
"Apr 17, 2018";"131.990";"128.950";"140.500";"128.750";"165.57K";"2.35%"
"Apr 18, 2018";"140.360";"132.170";"141.390";"131.600";"101.16K";"6.34%"
"Apr 19, 2018";"146.640";"140.360";"147.480";"138.520";"97.45K";"4.47%"
"Apr 20, 2018";"155.710";"146.690";"156.390";"142.670";"139.10K";"6.19%"
"Apr 21, 2018";"148.410";"155.420";"156.850";"140.220";"150.93K";"-4.69%"
"Apr 22, 2018";"146.380";"148.480";"153.000";"144.290";"84.29K";"-1.37%"
"Apr 23, 2018";"152.830";"146.180";"153.470";"146.000";"73.89K";"4.41%"
"Apr 24, 2018";"164.230";"152.500";"166.210";"152.500";"172.71K";"7.46%"
"Apr 25, 2018";"144.750";"164.230";"164.600";"141.900";"192.76K";"-11.86%"
"Apr 26, 2018";"154.000";"144.850";"154.580";"142.150";"98.40K";"6.39%"
"Apr 27, 2018";"145.600";"153.360";"153.800";"144.830";"95.19K";"-5.45%"
"Apr 28, 2018";"152.140";"145.300";"153.670";"144.500";"80.67K";"4.49%"
"Apr 29, 2018";"153.500";"152.000";"156.570";"148.020";"93.44K";"0.89%"
"Apr 30, 2018";"148.400";"153.340";"154.850";"147.270";"92.45K";"-3.32%"
"May 01, 2018";"148.260";"148.360";"148.850";"142.700";"88.37K";"-0.09%"
"May 02, 2018";"151.580";"148.080";"153.750";"146.220";"76.54K";"2.24%"
"May 03, 2018";"161.150";"151.960";"165.000";"150.640";"190.72K";"6.31%"
"May 04, 2018";"169.440";"161.290";"171.930";"157.560";"175.17K";"5.14%"
"May 05, 2018";"179.040";"169.420";"184.600";"168.150";"227.08K";"5.67%"
"May 06, 2018";"172.220";"179.040";"184.660";"165.270";"198.21K";"-3.81%"
"May 07, 2018";"164.310";"172.290";"172.810";"157.570";"170.52K";"-4.59%"
"May 08, 2018";"158.890";"164.460";"168.430";"157.380";"113.37K";"-3.30%"
"May 09, 2018";"157.100";"158.870";"160.150";"150.900";"96.83K";"-1.13%"
"May 10, 2018";"148.160";"156.760";"160.860";"147.500";"87.02K";"-5.69%"
"May 11, 2018";"135.900";"147.700";"148.500";"133.300";"147.35K";"-8.27%"
"May 12, 2018";"141.360";"136.460";"144.400";"130.400";"92.03K";"4.02%"
"May 13, 2018";"144.240";"141.430";"146.890";"136.500";"89.50K";"2.04%"
"May 14, 2018";"147.420";"144.240";"152.730";"134.320";"171.49K";"2.20%"
"May 15, 2018";"139.270";"147.410";"149.640";"137.000";"105.11K";"-5.53%"
"May 16, 2018";"139.200";"139.110";"140.770";"134.180";"70.84K";"-0.05%"
"May 17, 2018";"132.020";"139.240";"141.280";"131.190";"58.20K";"-5.16%"
"May 18, 2018";"135.950";"132.310";"137.470";"128.640";"66.59K";"2.98%"
"May 19, 2018";"134.950";"135.990";"137.660";"132.600";"37.73K";"-0.74%"
"May 20, 2018";"139.640";"134.880";"140.990";"132.810";"47.13K";"3.48%"
"May 21, 2018";"134.260";"139.810";"140.130";"133.440";"43.51K";"-3.85%"
"May 22, 2018";"127.940";"134.100";"136.000";"127.380";"41.74K";"-4.71%"
"May 23, 2018";"118.190";"127.900";"129.350";"116.190";"107.06K";"-7.62%"
"May 24, 2018";"122.600";"118.370";"124.850";"114.850";"79.22K";"3.73%"
"May 25, 2018";"118.780";"122.870";"124.250";"116.840";"98.13K";"-3.12%"
"May 26, 2018";"118.230";"118.900";"122.160";"117.370";"121.14K";"-0.46%"
"May 27, 2018";"117.720";"118.240";"118.790";"116.600";"119.63K";"-0.43%"
"May 28, 2018";"110.820";"117.760";"118.930";"110.190";"75.14K";"-5.86%"
"May 29, 2018";"119.280";"110.560";"122.650";"109.660";"70.84K";"7.63%"
"May 30, 2018";"117.180";"119.500";"122.730";"115.030";"47.54K";"-1.76%"
"May 31, 2018";"118.250";"117.200";"121.000";"116.040";"55.83K";"0.91%"
"Jun 01, 2018";"120.190";"118.150";"120.390";"117.100";"51.58K";"1.64%"
"Jun 02, 2018";"123.440";"120.190";"124.300";"118.780";"45.10K";"2.70%"
"Jun 03, 2018";"125.060";"123.400";"127.850";"122.260";"52.82K";"1.31%"
"Jun 04, 2018";"119.890";"125.460";"126.800";"118.260";"60.26K";"-4.13%"
"Jun 05, 2018";"122.020";"119.770";"122.420";"115.800";"48.88K";"1.78%"
"Jun 06, 2018";"121.640";"122.180";"122.940";"118.100";"36.82K";"-0.31%"
"Jun 07, 2018";"121.540";"121.400";"123.550";"119.550";"39.58K";"-0.08%"
"Jun 08, 2018";"119.680";"121.540";"122.140";"118.070";"28.98K";"-1.53%"
"Jun 09, 2018";"117.260";"119.730";"120.930";"116.890";"17.06K";"-2.02%"
"Jun 10, 2018";"106.670";"117.400";"117.400";"102.770";"88.68K";"-9.03%"
"Jun 11, 2018";"107.100";"106.500";"108.400";"102.700";"56.78K";"0.40%"
"Jun 12, 2018";"99.720";"107.200";"107.800";"97.510";"73.51K";"-6.89%"
"Jun 13, 2018";"93.370";"99.680";"100.360";"89.280";"168.11K";"-6.37%"
"Jun 14, 2018";"100.660";"93.570";"102.740";"92.430";"177.85K";"7.81%"
"Jun 15, 2018";"95.460";"100.880";"100.970";"94.600";"155.91K";"-5.17%"
"Jun 16, 2018";"96.600";"95.500";"97.580";"92.790";"130.01K";"1.19%"
"Jun 17, 2018";"94.910";"96.690";"98.170";"94.630";"119.79K";"-1.75%"
"Jun 18, 2018";"98.710";"94.950";"99.800";"93.070";"161.77K";"4.00%"
"Jun 19, 2018";"98.690";"98.710";"101.310";"96.990";"130.08K";"-0.02%"
"Jun 20, 2018";"97.750";"98.620";"98.940";"95.270";"141.92K";"-0.95%"
"Jun 21, 2018";"96.710";"97.800";"99.130";"96.000";"137.62K";"-1.06%"
"Jun 22, 2018";"84.640";"96.710";"96.840";"80.090";"232.08K";"-12.48%"
"Jun 23, 2018";"82.750";"84.790";"86.590";"81.450";"165.92K";"-2.23%"
"Jun 24, 2018";"80.440";"82.730";"83.630";"73.300";"250.33K";"-2.79%"
"Jun 25, 2018";"81.480";"80.490";"84.170";"78.550";"164.74K";"1.29%"
"Jun 26, 2018";"75.660";"81.480";"81.990";"75.250";"118.13K";"-7.14%"
"Jun 27, 2018";"80.600";"75.620";"81.750";"74.930";"139.09K";"6.53%"
"Jun 28, 2018";"74.320";"80.600";"81.360";"74.030";"179.98K";"-7.79%"
"Jun 29, 2018";"78.800";"74.080";"80.500";"72.520";"182.18K";"6.03%"
"Jun 30, 2018";"81.290";"78.910";"84.000";"78.840";"170.40K";"3.16%"
"Jul 01, 2018";"79.950";"81.340";"81.680";"77.730";"145.34K";"-1.65%"
"Jul 02, 2018";"85.360";"80.110";"86.850";"78.330";"171.04K";"6.77%"
"Jul 03, 2018";"84.940";"85.480";"89.960";"84.100";"192.49K";"-0.49%"
"Jul 04, 2018";"85.280";"84.870";"88.790";"84.030";"119.26K";"0.40%"
"Jul 05, 2018";"83.300";"85.190";"86.600";"82.000";"170.55K";"-2.32%"
"Jul 06, 2018";"83.130";"83.330";"84.230";"80.710";"156.25K";"-0.20%"
"Jul 07, 2018";"84.900";"82.970";"85.340";"79.500";"161.47K";"2.13%"
"Jul 08, 2018";"82.230";"84.940";"85.610";"81.850";"151.24K";"-3.14%"
"Jul 09, 2018";"80.060";"82.300";"83.070";"79.900";"164.77K";"-2.64%"
"Jul 10, 2018";"75.840";"80.520";"80.520";"74.250";"211.70K";"-5.27%"
"Jul 11, 2018";"78.180";"75.730";"80.890";"75.380";"192.10K";"3.09%"
"Jul 12, 2018";"76.650";"78.180";"78.230";"74.300";"181.67K";"-1.96%"
"Jul 13, 2018";"76.520";"76.760";"78.540";"74.970";"168.02K";"-0.17%"
"Jul 14, 2018";"76.180";"76.430";"77.410";"75.430";"142.80K";"-0.44%"
"Jul 15, 2018";"78.530";"76.210";"79.490";"75.120";"150.04K";"3.08%"
"Jul 16, 2018";"83.800";"78.540";"84.000";"77.630";"182.90K";"6.71%"
"Jul 17, 2018";"89.000";"83.430";"90.000";"81.440";"204.71K";"6.21%"
"Jul 18, 2018";"86.200";"88.890";"94.390";"84.900";"207.46K";"-3.15%"
"Jul 19, 2018";"86.080";"86.230";"88.940";"84.820";"154.28K";"-0.14%"
"Jul 20, 2018";"81.870";"86.020";"86.430";"81.000";"172.07K";"-4.89%"
"Jul 21, 2018";"83.440";"81.800";"84.850";"79.530";"134.16K";"1.92%"
"Jul 22, 2018";"82.200";"83.430";"84.150";"81.810";"137.45K";"-1.49%"
"Jul 23, 2018";"81.380";"82.260";"85.790";"81.100";"143.67K";"-1.00%"
"Jul 24, 2018";"89.320";"81.420";"89.700";"80.870";"207.78K";"9.76%"
"Jul 25, 2018";"86.430";"89.000";"90.580";"84.810";"164.33K";"-3.24%"
"Jul 26, 2018";"83.370";"86.380";"87.890";"82.830";"151.80K";"-3.54%"
"Jul 27, 2018";"84.390";"83.340";"85.120";"81.450";"158.76K";"1.22%"
"Jul 28, 2018";"84.150";"84.410";"84.700";"82.340";"124.84K";"-0.28%"
"Jul 29, 2018";"83.850";"84.080";"85.340";"83.270";"119.61K";"-0.36%"
"Jul 30, 2018";"82.180";"83.870";"84.560";"79.820";"146.95K";"-1.99%"
"Jul 31, 2018";"78.790";"82.240";"82.620";"76.180";"157.80K";"-4.13%"
"Aug 01, 2018";"77.530";"78.890";"78.970";"75.900";"139.79K";"-1.60%"
"Aug 02, 2018";"76.100";"77.530";"78.460";"75.470";"134.44K";"-1.84%"
"Aug 03, 2018";"77.660";"76.170";"77.840";"74.850";"141.56K";"2.05%"
"Aug 04, 2018";"73.060";"77.690";"78.100";"72.120";"148.94K";"-5.92%"
"Aug 05, 2018";"74.700";"73.030";"74.700";"72.350";"133.94K";"2.24%"
"Aug 06, 2018";"73.710";"74.610";"76.700";"72.380";"137.61K";"-1.33%"
"Aug 07, 2018";"67.400";"73.620";"75.170";"66.880";"164.04K";"-8.56%"
"Aug 08, 2018";"62.100";"67.360";"67.490";"60.820";"185.72K";"-7.86%"
"Aug 09, 2018";"62.890";"62.210";"64.900";"60.140";"179.19K";"1.27%"
"Aug 10, 2018";"59.010";"62.890";"63.100";"58.360";"181.29K";"-6.17%"
"Aug 11, 2018";"57.690";"59.050";"59.790";"55.050";"195.51K";"-2.24%"
"Aug 12, 2018";"59.330";"57.760";"61.320";"57.300";"173.54K";"2.84%"
"Aug 13, 2018";"56.500";"59.200";"60.590";"55.730";"192.37K";"-4.77%"
"Aug 14, 2018";"54.310";"56.500";"56.500";"49.340";"230.74K";"-3.88%"
"Aug 15, 2018";"54.320";"54.200";"59.130";"53.920";"232.56K";"0.02%"
"Aug 16, 2018";"55.290";"54.320";"57.530";"54.140";"153.68K";"1.79%"
"Aug 17, 2018";"61.730";"55.440";"61.730";"55.000";"229.87K";"11.65%"
"Aug 18, 2018";"57.040";"61.750";"62.270";"55.160";"205.94K";"-7.60%"
"Aug 19, 2018";"57.670";"57.150";"58.950";"56.160";"183.25K";"1.10%"
"Aug 20, 2018";"53.430";"57.670";"58.500";"53.190";"220.30K";"-7.35%"
"Aug 21, 2018";"56.440";"53.320";"56.790";"53.270";"176.18K";"5.63%"
"Aug 22, 2018";"55.130";"56.430";"59.220";"53.920";"243.03K";"-2.32%"
"Aug 23, 2018";"57.290";"55.150";"57.770";"54.870";"168.25K";"3.92%"
"Aug 24, 2018";"57.800";"57.270";"58.250";"55.530";"162.86K";"0.89%"
"Aug 25, 2018";"57.890";"57.810";"58.310";"56.990";"141.23K";"0.16%"
"Aug 26, 2018";"57.000";"57.820";"58.060";"55.790";"148.98K";"-1.54%"
"Aug 27, 2018";"60.610";"57.000";"61.030";"56.560";"173.57K";"6.33%"
"Aug 28, 2018";"63.130";"60.610";"63.740";"59.650";"214.11K";"4.16%"
"Aug 29, 2018";"61.410";"63.080";"63.340";"60.240";"185.48K";"-2.72%"
"Aug 30, 2018";"60.140";"61.410";"61.650";"58.580";"179.62K";"-2.07%"
"Aug 31, 2018";"62.110";"60.240";"62.690";"59.560";"176.39K";"3.28%"
"Sep 01, 2018";"66.490";"62.000";"67.880";"62.000";"210.29K";"7.05%"
"Sep 02, 2018";"66.240";"66.390";"67.300";"64.170";"180.42K";"-0.38%"
"Sep 03, 2018";"65.440";"66.210";"66.500";"64.290";"162.19K";"-1.21%"
"Sep 04, 2018";"67.640";"65.370";"69.430";"65.370";"220.73K";"3.36%"
"Sep 05, 2018";"57.710";"67.570";"68.270";"57.660";"331.27K";"-14.68%"
"Sep 06, 2018";"57.610";"57.680";"57.890";"54.130";"251.60K";"-0.17%"
"Sep 07, 2018";"55.530";"57.710";"58.530";"55.080";"193.98K";"-3.61%"
"Sep 08, 2018";"53.070";"55.610";"57.210";"52.010";"187.64K";"-4.43%"
"Sep 09, 2018";"54.700";"53.070";"56.680";"52.220";"208.79K";"3.07%"
"Sep 10, 2018";"54.370";"54.790";"56.360";"53.060";"226.88K";"-0.60%"
"Sep 11, 2018";"52.040";"54.420";"54.670";"50.050";"239.86K";"-4.29%"
"Sep 12, 2018";"51.660";"52.040";"52.070";"47.280";"276.37K";"-0.73%"
"Sep 13, 2018";"54.460";"51.700";"55.310";"51.700";"232.89K";"5.42%"
"Sep 14, 2018";"56.270";"54.500";"58.900";"52.880";"278.98K";"3.32%"
"Sep 15, 2018";"56.540";"56.210";"58.700";"55.680";"235.66K";"0.48%"
"Sep 16, 2018";"56.740";"56.220";"57.490";"54.590";"193.74K";"0.35%"
"Sep 17, 2018";"52.100";"56.750";"57.810";"51.450";"256.50K";"-8.18%"
"Sep 18, 2018";"53.940";"52.130";"55.470";"50.510";"224.75K";"3.53%"
"Sep 19, 2018";"54.310";"53.980";"54.980";"51.780";"228.82K";"0.69%"
"Sep 20, 2018";"56.540";"54.340";"57.310";"53.370";"193.49K";"4.11%"
"Sep 21, 2018";"60.890";"56.580";"62.620";"56.360";"323.49K";"7.69%"
"Sep 22, 2018";"60.610";"60.960";"61.880";"58.010";"211.09K";"-0.46%"
"Sep 23, 2018";"61.380";"60.580";"63.740";"59.880";"244.81K";"1.27%"
"Sep 24, 2018";"58.040";"61.390";"61.480";"57.050";"231.62K";"-5.44%"
"Sep 25, 2018";"57.560";"58.070";"58.070";"54.360";"279.82K";"-0.83%"
"Sep 26, 2018";"57.210";"57.660";"59.840";"56.460";"226.16K";"-0.61%"
"Sep 27, 2018";"63.290";"57.230";"65.600";"56.580";"495.96K";"10.63%"
"Sep 28, 2018";"61.920";"63.260";"65.000";"60.340";"306.10K";"-2.16%"
"Sep 29, 2018";"61.620";"61.850";"62.340";"59.080";"206.26K";"-0.48%"
"Sep 30, 2018";"61.220";"61.610";"62.910";"59.980";"224.87K";"-0.65%"
"Oct 01, 2018";"60.450";"61.260";"62.020";"59.510";"189.16K";"-1.26%"
"Oct 02, 2018";"59.470";"60.450";"61.750";"59.280";"190.16K";"-1.62%"
"Oct 03, 2018";"57.510";"59.440";"59.610";"56.720";"199.29K";"-3.30%"
"Oct 04, 2018";"58.460";"57.600";"59.390";"57.430";"164.26K";"1.65%"
"Oct 05, 2018";"58.920";"58.440";"59.730";"57.670";"152.01K";"0.79%"
"Oct 06, 2018";"57.960";"58.950";"59.150";"57.030";"146.53K";"-1.63%"
"Oct 07, 2018";"58.340";"58.040";"58.630";"57.010";"137.74K";"0.66%"
"Oct 08, 2018";"59.660";"58.390";"60.220";"57.690";"178.15K";"2.26%"
"Oct 09, 2018";"59.020";"59.670";"59.830";"58.510";"156.79K";"-1.07%"
"Oct 10, 2018";"58.420";"59.030";"59.180";"57.370";"156.13K";"-1.02%"
"Oct 11, 2018";"51.260";"58.480";"58.510";"50.670";"269.81K";"-12.26%"
"Oct 12, 2018";"53.720";"51.390";"54.170";"50.870";"204.70K";"4.80%"
"Oct 13, 2018";"54.050";"53.680";"54.880";"53.360";"162.39K";"0.61%"
"Oct 14, 2018";"52.610";"54.050";"54.400";"52.250";"173.24K";"-2.66%"
"Oct 15, 2018";"56.150";"52.520";"61.650";"52.200";"381.03K";"6.73%"
"Oct 16, 2018";"55.540";"56.100";"57.160";"54.730";"178.73K";"-1.09%"
"Oct 17, 2018";"55.270";"55.570";"55.680";"54.450";"189.51K";"-0.49%"
"Oct 18, 2018";"53.530";"55.290";"55.760";"53.010";"163.74K";"-3.15%"
"Oct 19, 2018";"53.680";"53.540";"54.700";"53.330";"131.20K";"0.28%"
"Oct 20, 2018";"54.330";"53.690";"54.500";"53.300";"134.25K";"1.21%"
"Oct 21, 2018";"53.670";"54.280";"54.860";"53.470";"139.85K";"-1.21%"
"Oct 22, 2018";"53.120";"53.640";"54.160";"52.780";"113.10K";"-1.02%"
"Oct 23, 2018";"53.330";"53.090";"53.970";"52.550";"56.50K";"0.40%"
"Oct 24, 2018";"53.110";"53.330";"53.870";"53.000";"50.27K";"-0.41%"
"Oct 25, 2018";"52.840";"53.140";"53.240";"52.680";"43.20K";"-0.51%"
"Oct 26, 2018";"52.680";"52.800";"53.500";"52.230";"49.68K";"-0.30%"
"Oct 27, 2018";"52.280";"52.600";"52.900";"51.860";"39.71K";"-0.76%"
"Oct 28, 2018";"52.070";"52.270";"52.500";"51.700";"35.25K";"-0.40%"
"Oct 29, 2018";"49.210";"52.070";"52.260";"48.250";"93.07K";"-5.49%"
"Oct 30, 2018";"49.340";"49.210";"49.900";"49.060";"41.86K";"0.26%"
"Oct 31, 2018";"49.950";"49.340";"50.620";"48.040";"59.05K";"1.24%"
"Nov 01, 2018";"50.600";"49.930";"50.790";"49.790";"40.62K";"1.30%"
"Nov 02, 2018";"51.770";"50.630";"52.200";"50.600";"55.57K";"2.31%"
"Nov 03, 2018";"51.040";"51.760";"51.800";"50.640";"44.54K";"-1.41%"
"Nov 04, 2018";"54.590";"51.090";"56.290";"50.770";"131.55K";"6.96%"
"Nov 05, 2018";"53.910";"54.650";"55.150";"53.120";"71.43K";"-1.25%"
"Nov 06, 2018";"56.390";"53.940";"56.530";"53.900";"82.68K";"4.60%"
"Nov 07, 2018";"54.470";"56.470";"56.810";"53.520";"96.75K";"-3.40%"
"Nov 08, 2018";"52.720";"54.500";"55.120";"52.490";"71.80K";"-3.21%"
"Nov 09, 2018";"52.250";"52.720";"53.130";"51.710";"54.77K";"-0.89%"
"Nov 10, 2018";"52.480";"52.280";"53.000";"51.970";"38.00K";"0.44%"
"Nov 11, 2018";"51.480";"52.450";"52.570";"49.900";"66.44K";"-1.91%"
"Nov 12, 2018";"51.260";"51.510";"51.980";"50.590";"60.99K";"-0.43%"
"Nov 13, 2018";"50.430";"51.260";"51.660";"49.670";"63.96K";"-1.62%"
"Nov 14, 2018";"45.030";"50.380";"51.020";"42.400";"307.92K";"-10.71%"
"Nov 15, 2018";"44.780";"45.180";"45.550";"41.140";"239.17K";"-0.56%"
"Nov 16, 2018";"42.870";"44.690";"44.950";"42.380";"126.95K";"-4.27%"
"Nov 17, 2018";"42.430";"42.890";"42.930";"41.930";"64.97K";"-1.03%"
"Nov 18, 2018";"42.590";"42.440";"43.720";"42.260";"69.68K";"0.38%"
"Nov 19, 2018";"37.140";"42.610";"42.610";"36.010";"266.58K";"-12.80%"
"Nov 20, 2018";"33.990";"37.150";"38.770";"31.620";"481.87K";"-8.48%"
"Nov 21, 2018";"35.140";"33.750";"35.280";"32.240";"307.72K";"3.38%"
"Nov 22, 2018";"32.010";"35.170";"35.680";"31.900";"140.51K";"-8.91%"
"Nov 23, 2018";"32.760";"32.040";"33.700";"31.100";"178.32K";"2.34%"
"Nov 24, 2018";"29.790";"32.740";"34.040";"29.130";"175.09K";"-9.07%"
"Nov 25, 2018";"31.530";"29.720";"32.790";"27.760";"330.61K";"5.84%"
"Nov 26, 2018";"30.180";"31.510";"32.770";"28.800";"346.18K";"-4.28%"
"Nov 27, 2018";"31.600";"30.140";"32.090";"29.190";"194.02K";"4.71%"
"Nov 28, 2018";"34.720";"31.660";"36.390";"31.450";"261.97K";"9.87%"
"Nov 29, 2018";"33.880";"34.740";"35.750";"33.210";"206.43K";"-2.42%"
"Nov 30, 2018";"32.270";"33.990";"34.450";"31.290";"182.29K";"-4.75%"
"Dec 01, 2018";"34.220";"32.140";"35.090";"31.390";"130.68K";"6.04%"
"Dec 02, 2018";"33.810";"34.170";"35.110";"33.270";"126.50K";"-1.20%"
"Dec 03, 2018";"30.930";"33.840";"33.880";"30.130";"161.00K";"-8.52%"
"Dec 04, 2018";"31.130";"30.920";"32.250";"30.030";"125.62K";"0.65%"
"Dec 05, 2018";"29.210";"31.150";"31.400";"29.170";"122.46K";"-6.17%"
"Dec 06, 2018";"26.660";"29.230";"30.490";"26.330";"185.90K";"-8.73%"
"Dec 07, 2018";"24.940";"26.710";"26.820";"22.350";"344.31K";"-6.45%"
"Dec 08, 2018";"24.270";"24.890";"26.630";"22.920";"271.96K";"-2.69%"
"Dec 09, 2018";"25.370";"24.290";"26.640";"24.240";"185.50K";"4.53%"
"Dec 10, 2018";"24.140";"25.360";"25.800";"23.770";"159.53K";"-4.85%"
"Dec 11, 2018";"23.400";"24.150";"24.580";"23.000";"116.94K";"-3.07%"
"Dec 12, 2018";"24.140";"23.630";"24.970";"23.440";"116.69K";"3.16%"
"Dec 13, 2018";"23.080";"24.130";"24.270";"22.940";"101.35K";"-4.39%"
"Dec 14, 2018";"23.350";"23.080";"23.730";"22.510";"115.44K";"1.17%"
"Dec 15, 2018";"23.600";"23.310";"24.060";"23.120";"114.36K";"1.07%"
"Dec 16, 2018";"25.510";"23.580";"26.890";"23.580";"284.63K";"8.09%"
"Dec 17, 2018";"28.960";"25.540";"30.300";"25.460";"415.67K";"13.52%"
"Dec 18, 2018";"29.930";"28.970";"30.060";"27.740";"241.35K";"3.35%"
"Dec 19, 2018";"28.820";"29.920";"31.460";"28.610";"464.33K";"-3.71%"
"Dec 20, 2018";"32.220";"28.820";"32.670";"28.570";"347.41K";"11.80%"
"Dec 21, 2018";"30.290";"32.110";"32.840";"29.610";"223.12K";"-5.99%"
"Dec 22, 2018";"31.350";"30.290";"31.350";"29.720";"105.46K";"3.50%"
"Dec 23, 2018";"32.970";"31.330";"33.700";"31.100";"255.57K";"5.17%"
"Dec 24, 2018";"32.720";"32.980";"36.050";"32.310";"305.30K";"-0.76%"
"Dec 25, 2018";"30.490";"32.710";"32.730";"29.430";"249.32K";"-6.82%"
"Dec 26, 2018";"30.290";"30.500";"31.630";"28.880";"174.03K";"-0.66%"
"Dec 27, 2018";"27.520";"30.300";"30.800";"27.190";"157.81K";"-9.14%"
"Dec 28, 2018";"31.820";"27.550";"33.040";"27.480";"242.14K";"15.62%"
"Dec 29, 2018";"30.090";"31.780";"32.760";"30.090";"221.82K";"-5.44%"
"Dec 30, 2018";"31.360";"30.180";"31.660";"29.760";"151.93K";"4.22%"
"Dec 31, 2018";"29.880";"31.400";"31.430";"29.450";"97.45K";"-4.72%"
"Jan 01, 2019";"31.490";"29.950";"31.720";"29.570";"103.13K";"5.39%"
"Jan 02, 2019";"32.680";"31.470";"33.280";"31.180";"118.34K";"3.78%"
"Jan 03, 2019";"31.400";"32.680";"32.790";"30.700";"94.14K";"-3.92%"
"Jan 04, 2019";"31.780";"31.410";"32.510";"30.780";"108.64K";"1.21%"
"Jan 05, 2019";"34.330";"31.810";"35.870";"31.790";"335.59K";"8.02%"
"Jan 06, 2019";"38.370";"34.330";"39.500";"33.980";"760.21K";"11.77%"
"Jan 07, 2019";"37.330";"38.330";"38.980";"36.880";"446.14K";"-2.71%"
"Jan 08, 2019";"38.680";"37.360";"40.610";"37.230";"522.56K";"3.62%"
"Jan 09, 2019";"38.120";"38.700";"39.680";"38.020";"311.65K";"-1.45%"
"Jan 10, 2019";"32.800";"38.160";"38.750";"31.570";"585.04K";"-13.96%"
"Jan 11, 2019";"31.470";"32.800";"33.200";"30.770";"351.09K";"-4.05%"
"Jan 12, 2019";"31.660";"31.390";"32.090";"31.150";"178.60K";"0.60%"
"Jan 13, 2019";"29.580";"31.680";"32.560";"29.270";"228.98K";"-6.57%"
"Jan 14, 2019";"31.690";"29.550";"32.370";"29.440";"256.10K";"7.13%"
"Jan 15, 2019";"30.790";"31.710";"32.110";"30.090";"216.74K";"-2.84%"
"Jan 16, 2019";"31.220";"30.710";"31.850";"30.490";"154.02K";"1.40%"
"Jan 17, 2019";"31.430";"31.390";"31.470";"29.910";"203.23K";"0.67%"
"Jan 18, 2019";"30.760";"31.410";"31.470";"30.340";"150.90K";"-2.13%"
"Jan 19, 2019";"32.000";"30.860";"32.860";"30.840";"165.05K";"4.03%"
"Jan 20, 2019";"30.590";"31.920";"33.030";"30.260";"249.41K";"-4.41%"
"Jan 21, 2019";"30.820";"30.710";"31.180";"30.390";"110.35K";"0.75%"
"Jan 22, 2019";"31.410";"30.820";"31.910";"29.580";"199.89K";"1.91%"
"Jan 23, 2019";"31.700";"31.370";"32.140";"31.240";"123.58K";"0.92%"
"Jan 24, 2019";"32.480";"31.700";"33.040";"31.040";"138.78K";"2.46%"
"Jan 25, 2019";"32.690";"32.510";"32.950";"31.900";"168.18K";"0.65%"
"Jan 26, 2019";"32.800";"32.680";"33.850";"32.590";"168.00K";"0.34%"
"Jan 27, 2019";"32.240";"32.780";"33.140";"31.460";"173.52K";"-1.71%"
"Jan 28, 2019";"30.920";"32.170";"32.520";"30.030";"268.07K";"-4.09%"
"Jan 29, 2019";"30.840";"30.980";"31.240";"30.000";"135.94K";"-0.26%"
"Jan 30, 2019";"31.680";"30.780";"31.960";"30.510";"129.13K";"2.72%"
"Jan 31, 2019";"31.360";"31.680";"32.320";"31.090";"154.36K";"-1.01%"
"Feb 01, 2019";"32.620";"31.440";"33.600";"30.750";"335.87K";"4.02%"
"Feb 02, 2019";"34.530";"32.590";"34.930";"32.510";"267.64K";"5.86%"
"Feb 03, 2019";"33.430";"34.590";"34.870";"32.870";"348.42K";"-3.19%"
"Feb 04, 2019";"34.080";"33.390";"34.490";"33.380";"206.65K";"1.94%"
"Feb 05, 2019";"34.310";"34.060";"34.530";"33.640";"214.29K";"0.67%"
"Feb 06, 2019";"32.810";"34.400";"34.490";"32.330";"312.34K";"-4.37%"
"Feb 07, 2019";"33.230";"32.780";"33.610";"32.750";"144.67K";"1.28%"
"Feb 08, 2019";"43.180";"33.230";"44.770";"32.820";"1.24M";"29.94%"
"Feb 09, 2019";"44.680";"43.030";"46.510";"42.100";"994.47K";"3.47%"
"Feb 10, 2019";"46.710";"44.720";"47.290";"42.280";"667.23K";"4.54%"
"Feb 11, 2019";"42.900";"46.840";"46.840";"41.990";"570.41K";"-8.16%"
"Feb 12, 2019";"43.890";"42.900";"44.550";"41.910";"326.57K";"2.31%"
"Feb 13, 2019";"41.600";"43.940";"44.610";"40.700";"334.01K";"-5.22%"
"Feb 14, 2019";"41.270";"41.610";"42.400";"40.630";"285.11K";"-0.79%"
"Feb 15, 2019";"42.580";"41.250";"44.390";"41.210";"389.93K";"3.17%"
"Feb 16, 2019";"43.340";"42.590";"44.240";"42.290";"326.59K";"1.78%"
"Feb 17, 2019";"43.930";"43.320";"44.980";"42.630";"331.75K";"1.36%"
"Feb 18, 2019";"47.840";"43.910";"48.950";"43.710";"744.03K";"8.90%"
"Feb 19, 2019";"47.170";"47.820";"48.970";"46.630";"404.79K";"-1.40%"
"Feb 20, 2019";"51.550";"47.170";"52.130";"46.320";"566.66K";"9.29%"
"Feb 21, 2019";"48.890";"51.480";"51.590";"47.880";"384.00K";"-5.16%"
"Feb 22, 2019";"49.190";"48.910";"49.770";"48.130";"265.98K";"0.61%"
"Feb 23, 2019";"51.400";"49.270";"51.850";"48.030";"411.13K";"4.49%"
"Feb 24, 2019";"43.670";"51.390";"53.500";"42.490";"684.70K";"-15.04%"
"Feb 25, 2019";"45.400";"43.740";"46.780";"43.630";"377.18K";"3.96%"
"Feb 26, 2019";"44.750";"45.400";"45.870";"44.200";"220.24K";"-1.43%"
"Feb 27, 2019";"45.120";"44.730";"45.500";"42.630";"224.05K";"0.83%"
"Feb 28, 2019";"45.610";"45.190";"46.450";"44.650";"258.56K";"1.09%"
"Mar 01, 2019";"47.050";"45.660";"48.890";"45.600";"336.01K";"3.16%"
"Mar 02, 2019";"48.450";"46.990";"49.350";"46.650";"325.70K";"2.98%"
"Mar 03, 2019";"47.870";"48.530";"49.020";"47.280";"218.50K";"-1.20%"
"Mar 04, 2019";"45.820";"47.890";"48.150";"44.800";"306.99K";"-4.28%"
"Mar 05, 2019";"52.540";"45.800";"54.000";"45.390";"798.92K";"14.67%"
"Mar 06, 2019";"55.340";"52.520";"56.500";"51.370";"670.24K";"5.33%"
"Mar 07, 2019";"56.730";"55.450";"58.820";"54.100";"816.60K";"2.51%"
"Mar 08, 2019";"55.620";"56.820";"57.450";"54.410";"440.34K";"-1.96%"
"Mar 09, 2019";"57.870";"55.550";"59.330";"55.440";"413.60K";"4.05%"
"Mar 10, 2019";"56.590";"57.780";"57.980";"55.980";"199.07K";"-2.21%"
"Mar 11, 2019";"54.820";"56.610";"57.350";"54.090";"319.63K";"-3.13%"
"Mar 12, 2019";"56.600";"54.820";"56.940";"53.800";"186.80K";"3.25%"
"Mar 13, 2019";"55.280";"56.620";"56.830";"54.380";"234.17K";"-2.33%"
"Mar 14, 2019";"55.880";"55.270";"58.050";"54.060";"333.62K";"1.09%"
"Mar 15, 2019";"58.520";"55.950";"59.060";"55.940";"295.33K";"4.72%"
"Mar 16, 2019";"61.190";"58.470";"61.900";"58.430";"375.26K";"4.56%"
"Mar 17, 2019";"60.500";"61.200";"61.300";"59.700";"174.82K";"-1.13%"
"Mar 18, 2019";"59.170";"60.470";"62.360";"58.230";"301.19K";"-2.20%"
"Mar 19, 2019";"59.530";"59.160";"59.860";"58.390";"221.98K";"0.61%"
"Mar 20, 2019";"60.270";"59.520";"60.500";"57.160";"285.44K";"1.24%"
"Mar 21, 2019";"58.540";"60.350";"60.590";"57.100";"164.95K";"-2.87%"
"Mar 22, 2019";"59.290";"58.550";"59.570";"58.080";"184.21K";"1.28%"
"Mar 23, 2019";"60.860";"59.240";"61.560";"58.940";"373.04K";"2.65%"
"Mar 24, 2019";"59.840";"60.890";"60.890";"58.970";"361.05K";"-1.68%"
"Mar 25, 2019";"59.000";"59.810";"60.580";"58.260";"216.77K";"-1.40%"
"Mar 26, 2019";"58.780";"59.130";"59.320";"57.370";"175.09K";"-0.37%"
"Mar 27, 2019";"61.520";"58.760";"61.750";"58.580";"261.19K";"4.66%"
"Mar 28, 2019";"60.500";"61.440";"61.440";"60.190";"161.28K";"-1.66%"
"Mar 29, 2019";"61.390";"60.470";"61.660";"60.170";"200.39K";"1.47%"
"Mar 30, 2019";"60.450";"61.440";"61.510";"59.900";"161.30K";"-1.53%"
"Mar 31, 2019";"60.490";"60.520";"60.720";"59.860";"119.96K";"0.07%"
"Apr 01, 2019";"60.450";"60.440";"60.890";"60.140";"129.46K";"-0.07%"
"Apr 02, 2019";"76.680";"60.450";"78.210";"60.160";"805.47K";"26.85%"
"Apr 03, 2019";"84.990";"76.810";"98.060";"76.420";"1.51M";"10.84%"
"Apr 04, 2019";"84.700";"85.000";"89.370";"80.410";"775.71K";"-0.34%"
"Apr 05, 2019";"88.220";"84.770";"89.600";"84.280";"366.65K";"4.16%"
"Apr 06, 2019";"92.200";"88.190";"97.430";"85.190";"706.65K";"4.51%"
"Apr 07, 2019";"91.560";"92.160";"95.340";"89.050";"404.79K";"-0.69%"
"Apr 08, 2019";"88.570";"91.470";"93.620";"85.380";"439.91K";"-3.27%"
"Apr 09, 2019";"86.100";"88.530";"88.680";"82.800";"316.97K";"-2.79%"
"Apr 10, 2019";"88.100";"86.070";"90.910";"85.980";"316.62K";"2.32%"
"Apr 11, 2019";"78.880";"88.090";"88.400";"74.660";"663.82K";"-10.47%"
"Apr 12, 2019";"78.470";"78.920";"80.420";"75.000";"351.36K";"-0.52%"
"Apr 13, 2019";"77.620";"78.390";"80.990";"75.630";"276.71K";"-1.08%"
"Apr 14, 2019";"83.250";"77.560";"83.400";"76.100";"242.24K";"7.25%"
"Apr 15, 2019";"78.220";"83.360";"84.250";"75.110";"437.90K";"-6.04%"
"Apr 16, 2019";"80.330";"78.030";"81.360";"77.200";"295.15K";"2.70%"
"Apr 17, 2019";"78.770";"80.260";"81.350";"78.100";"232.36K";"-1.94%"
"Apr 18, 2019";"81.650";"78.770";"83.210";"78.740";"328.49K";"3.66%"
"Apr 19, 2019";"82.060";"81.680";"83.110";"79.740";"265.37K";"0.50%"
"Apr 20, 2019";"81.140";"82.110";"82.620";"79.600";"209.48K";"-1.12%"
"Apr 21, 2019";"76.570";"81.160";"81.520";"73.140";"405.38K";"-5.63%"
"Apr 22, 2019";"76.420";"76.660";"77.470";"74.940";"285.78K";"-0.20%"
"Apr 23, 2019";"73.500";"76.450";"79.040";"73.500";"408.16K";"-3.82%"
"Apr 24, 2019";"72.880";"73.590";"74.680";"70.200";"466.76K";"-0.84%"
"Apr 25, 2019";"71.790";"72.840";"74.360";"70.610";"307.27K";"-1.50%"
"Apr 26, 2019";"73.820";"71.780";"76.280";"70.460";"345.02K";"2.83%"
"Apr 27, 2019";"72.190";"73.770";"74.000";"71.900";"102.54K";"-2.21%"
"Apr 28, 2019";"69.910";"72.320";"72.650";"69.120";"218.64K";"-3.16%"
"Apr 29, 2019";"67.830";"69.750";"70.330";"66.680";"203.48K";"-2.98%"
"Apr 30, 2019";"74.190";"68.010";"74.640";"67.970";"354.63K";"9.38%"
"May 01, 2019";"73.360";"74.240";"75.280";"71.910";"273.83K";"-1.12%"
"May 02, 2019";"73.720";"73.370";"74.380";"72.760";"289.58K";"0.49%"
"May 03, 2019";"79.250";"73.680";"80.160";"73.380";"538.63K";"7.50%"
"May 04, 2019";"77.770";"79.260";"82.570";"74.840";"457.00K";"-1.87%"
"May 05, 2019";"75.640";"77.830";"78.000";"75.470";"236.88K";"-2.74%"
"May 06, 2019";"74.880";"75.700";"76.820";"71.750";"389.54K";"-1.00%"
"May 07, 2019";"74.660";"74.980";"78.410";"73.730";"357.44K";"-0.29%"
"May 08, 2019";"74.400";"74.620";"75.280";"72.480";"206.14K";"-0.35%"
"May 09, 2019";"74.180";"74.460";"75.870";"72.820";"240.57K";"-0.30%"
"May 10, 2019";"77.110";"74.190";"79.420";"72.680";"422.92K";"3.95%"
"May 11, 2019";"86.690";"77.180";"94.920";"77.180";"908.89K";"12.42%"
"May 12, 2019";"84.660";"86.080";"93.790";"83.160";"798.06K";"-2.34%"
"May 13, 2019";"87.440";"84.710";"92.200";"84.290";"627.12K";"3.28%"
"May 14, 2019";"91.150";"87.410";"93.440";"86.830";"644.35K";"4.24%"
"May 15, 2019";"102.080";"91.150";"103.970";"89.800";"673.02K";"11.99%"
"May 16, 2019";"95.390";"101.870";"107.020";"91.010";"1.18M";"-6.55%"
"May 17, 2019";"89.600";"95.320";"97.330";"84.430";"911.86K";"-6.07%"
"May 18, 2019";"86.550";"89.810";"90.430";"85.230";"380.57K";"-3.40%"
"May 19, 2019";"94.610";"86.460";"96.770";"86.140";"584.62K";"9.31%"
"May 20, 2019";"91.080";"94.470";"94.470";"87.400";"447.77K";"-3.73%"
"May 21, 2019";"90.790";"91.110";"92.840";"88.980";"335.54K";"-0.32%"
"May 22, 2019";"87.730";"90.740";"91.910";"86.000";"308.41K";"-3.37%"
"May 23, 2019";"88.600";"87.720";"89.460";"84.700";"208.33K";"0.99%"
"May 24, 2019";"100.500";"88.720";"103.460";"88.010";"832.99K";"13.43%"
"May 25, 2019";"102.690";"100.530";"104.860";"98.910";"520.17K";"2.18%"
"May 26, 2019";"111.140";"102.600";"113.960";"98.800";"658.33K";"8.23%"
"May 27, 2019";"116.650";"111.040";"121.530";"110.290";"871.14K";"4.96%"
"May 28, 2019";"114.740";"116.490";"118.000";"111.340";"401.11K";"-1.64%"
"May 29, 2019";"114.690";"114.810";"118.090";"109.150";"359.60K";"-0.04%"
"May 30, 2019";"107.770";"115.050";"120.130";"102.550";"708.63K";"-6.03%"
"May 31, 2019";"114.570";"107.740";"114.830";"104.580";"487.31K";"6.31%"
"Jun 01, 2019";"112.430";"114.580";"116.160";"111.030";"318.74K";"-1.87%"
"Jun 02, 2019";"114.390";"112.370";"116.300";"111.330";"234.28K";"1.74%"
"Jun 03, 2019";"106.050";"114.430";"116.080";"105.150";"441.27K";"-7.29%"
"Jun 04, 2019";"102.260";"105.670";"106.710";"98.410";"674.06K";"-3.57%"
"Jun 05, 2019";"103.660";"102.310";"105.110";"100.120";"379.96K";"1.37%"
"Jun 06, 2019";"111.170";"103.310";"112.040";"101.060";"488.73K";"7.24%"
"Jun 07, 2019";"116.820";"111.580";"120.760";"109.590";"619.75K";"5.08%"
"Jun 08, 2019";"118.040";"116.680";"119.560";"113.680";"454.69K";"1.04%"
"Jun 09, 2019";"114.690";"118.130";"118.900";"111.580";"425.28K";"-2.84%"
"Jun 10, 2019";"129.190";"114.430";"130.050";"112.620";"792.63K";"12.64%"
"Jun 11, 2019";"135.680";"129.190";"138.530";"125.310";"836.06K";"5.02%"
"Jun 12, 2019";"135.310";"135.850";"142.570";"130.200";"1.02M";"-0.27%"
"Jun 13, 2019";"130.620";"135.320";"136.300";"128.140";"477.23K";"-3.47%"
"Jun 14, 2019";"132.020";"130.540";"132.560";"125.510";"460.28K";"1.07%"
"Jun 15, 2019";"137.530";"132.100";"139.300";"132.100";"389.90K";"4.17%"
"Jun 16, 2019";"136.490";"137.540";"137.970";"133.290";"392.55K";"-0.76%"
"Jun 17, 2019";"133.760";"136.520";"136.740";"131.820";"302.81K";"-2.00%"
"Jun 18, 2019";"135.140";"133.780";"136.620";"128.230";"400.71K";"1.03%"
"Jun 19, 2019";"136.280";"135.220";"139.420";"133.650";"374.19K";"0.84%"
"Jun 20, 2019";"135.440";"136.380";"136.670";"133.310";"236.86K";"-0.62%"
"Jun 21, 2019";"138.310";"135.490";"140.980";"135.490";"391.97K";"2.12%"
"Jun 22, 2019";"142.330";"138.180";"145.700";"136.250";"670.26K";"2.91%"
"Jun 23, 2019";"137.510";"142.200";"143.280";"136.420";"273.14K";"-3.39%"
"Jun 24, 2019";"135.680";"137.460";"137.460";"132.910";"269.08K";"-1.33%"
"Jun 25, 2019";"136.290";"135.850";"138.590";"130.230";"343.07K";"0.45%"
"Jun 26, 2019";"132.190";"136.280";"138.340";"127.980";"659.17K";"-3.01%"
"Jun 27, 2019";"115.990";"132.070";"133.240";"112.100";"932.15K";"-12.26%"
"Jun 28, 2019";"120.010";"116.020";"121.860";"114.790";"455.24K";"3.47%"
"Jun 29, 2019";"133.890";"119.850";"136.610";"116.500";"651.11K";"11.57%"
"Jun 30, 2019";"123.020";"133.900";"137.040";"120.920";"808.37K";"-8.12%"
"Jul 01, 2019";"123.160";"123.420";"126.920";"113.850";"612.56K";"0.11%"
"Jul 02, 2019";"118.710";"123.190";"123.900";"112.710";"469.54K";"-3.61%"
"Jul 03, 2019";"121.600";"118.750";"123.110";"117.200";"364.58K";"2.43%"
"Jul 04, 2019";"119.700";"121.470";"126.650";"118.570";"375.49K";"-1.56%"
"Jul 05, 2019";"118.350";"119.540";"120.880";"116.350";"223.66K";"-1.13%"
"Jul 06, 2019";"118.330";"118.310";"121.650";"117.230";"153.93K";"-0.02%"
"Jul 07, 2019";"119.480";"118.280";"120.270";"117.020";"142.38K";"0.97%"
"Jul 08, 2019";"123.110";"119.600";"125.050";"117.860";"218.73K";"3.04%"
"Jul 09, 2019";"119.200";"122.960";"124.050";"117.710";"233.44K";"-3.18%"
"Jul 10, 2019";"108.290";"119.240";"120.080";"102.700";"507.83K";"-9.15%"
"Jul 11, 2019";"103.020";"108.240";"108.240";"95.500";"566.90K";"-4.87%"
"Jul 12, 2019";"104.740";"103.000";"106.240";"100.750";"204.84K";"1.67%"
"Jul 13, 2019";"101.140";"104.940";"104.990";"97.840";"229.49K";"-3.44%"
"Jul 14, 2019";"89.770";"101.170";"101.860";"87.960";"429.55K";"-11.24%"
"Jul 15, 2019";"90.390";"89.720";"92.610";"84.660";"382.57K";"0.69%"
"Jul 16, 2019";"79.400";"90.500";"91.840";"76.700";"483.60K";"-12.16%"
"Jul 17, 2019";"89.920";"79.680";"94.210";"77.060";"610.94K";"13.25%"
"Jul 18, 2019";"101.160";"90.020";"103.780";"86.960";"609.97K";"12.50%"
"Jul 19, 2019";"98.230";"100.820";"101.120";"95.130";"366.65K";"-2.90%"
"Jul 20, 2019";"100.240";"98.430";"105.570";"97.500";"355.88K";"2.05%"
"Jul 21, 2019";"99.600";"100.230";"101.380";"96.560";"247.19K";"-0.64%"
"Jul 22, 2019";"95.310";"99.770";"100.810";"91.410";"318.58K";"-4.31%"
"Jul 23, 2019";"90.260";"95.310";"95.310";"88.770";"264.45K";"-5.30%"
"Jul 24, 2019";"94.370";"90.040";"97.000";"87.270";"355.86K";"4.55%"
"Jul 25, 2019";"93.180";"94.280";"96.550";"91.870";"228.46K";"-1.26%"
"Jul 26, 2019";"93.980";"93.190";"94.420";"90.240";"169.16K";"0.86%"
"Jul 27, 2019";"88.860";"93.920";"95.800";"87.280";"250.88K";"-5.45%"
"Jul 28, 2019";"89.770";"88.800";"90.750";"84.150";"200.73K";"1.02%"
"Jul 29, 2019";"90.450";"90.030";"91.840";"87.860";"234.03K";"0.76%"
"Jul 30, 2019";"90.170";"90.400";"92.340";"88.710";"166.87K";"-0.31%"
"Jul 31, 2019";"98.760";"90.110";"99.880";"89.890";"280.44K";"9.53%"
"Aug 01, 2019";"98.610";"98.910";"100.390";"95.760";"256.62K";"-0.15%"
"Aug 02, 2019";"94.750";"98.650";"98.740";"92.560";"284.82K";"-3.91%"
"Aug 03, 2019";"94.170";"94.840";"96.610";"93.600";"187.52K";"-0.61%"
"Aug 04, 2019";"92.610";"94.060";"94.720";"90.630";"210.05K";"-1.66%"
"Aug 05, 2019";"96.530";"92.680";"106.470";"92.680";"708.02K";"4.23%"
"Aug 06, 2019";"93.010";"96.360";"99.160";"91.140";"370.22K";"-3.65%"
"Aug 07, 2019";"90.510";"93.000";"94.070";"87.560";"298.28K";"-2.69%"
"Aug 08, 2019";"90.190";"90.640";"91.700";"88.110";"227.25K";"-0.35%"
"Aug 09, 2019";"84.260";"90.230";"90.360";"82.670";"245.85K";"-6.58%"
"Aug 10, 2019";"85.460";"84.480";"87.480";"82.650";"243.82K";"1.42%"
"Aug 11, 2019";"90.250";"85.460";"91.530";"85.410";"194.55K";"5.60%"
"Aug 12, 2019";"85.790";"89.890";"89.890";"85.500";"148.29K";"-4.94%"
"Aug 13, 2019";"84.910";"85.750";"86.530";"83.390";"166.77K";"-1.03%"
"Aug 14, 2019";"75.790";"84.770";"86.260";"75.020";"310.85K";"-10.74%"
"Aug 15, 2019";"76.290";"75.900";"77.550";"74.510";"157.85K";"0.66%"
"Aug 16, 2019";"74.670";"76.220";"76.350";"72.470";"186.82K";"-2.12%"
"Aug 17, 2019";"72.680";"74.760";"75.300";"71.500";"131.04K";"-2.67%"
"Aug 18, 2019";"76.310";"72.650";"77.950";"71.410";"171.77K";"4.99%"
"Aug 19, 2019";"77.090";"76.270";"78.920";"75.570";"176.50K";"1.02%"
"Aug 20, 2019";"75.040";"77.180";"77.260";"73.530";"131.83K";"-2.66%"
"Aug 21, 2019";"73.120";"75.100";"75.310";"70.190";"188.75K";"-2.56%"
"Aug 22, 2019";"73.390";"73.180";"74.560";"71.030";"159.58K";"0.37%"
"Aug 23, 2019";"75.380";"73.320";"75.820";"72.320";"138.55K";"2.71%"
"Aug 24, 2019";"73.280";"75.420";"75.540";"71.710";"119.87K";"-2.79%"
"Aug 25, 2019";"72.160";"73.330";"74.850";"70.640";"143.26K";"-1.53%"
"Aug 26, 2019";"73.550";"72.190";"75.190";"72.180";"186.99K";"1.93%"
"Aug 27, 2019";"72.890";"73.520";"73.670";"72.160";"92.73K";"-0.90%"
"Aug 28, 2019";"66.770";"72.900";"72.900";"65.000";"295.89K";"-8.40%"
"Aug 29, 2019";"63.500";"66.740";"66.770";"62.050";"206.20K";"-4.90%"
"Aug 30, 2019";"64.170";"63.560";"65.510";"62.210";"188.68K";"1.06%"
"Aug 31, 2019";"64.240";"64.180";"65.270";"62.310";"148.11K";"0.11%"
"Sep 01, 2019";"65.930";"64.240";"67.170";"63.930";"159.80K";"2.63%"
"Sep 02, 2019";"66.940";"65.820";"67.780";"65.010";"211.23K";"1.53%"
"Sep 03, 2019";"68.970";"66.950";"70.930";"66.480";"286.16K";"3.03%"
"Sep 04, 2019";"67.010";"69.090";"69.210";"66.550";"219.50K";"-2.84%"
"Sep 05, 2019";"65.220";"67.040";"67.340";"64.210";"166.56K";"-2.67%"
"Sep 06, 2019";"64.910";"65.220";"67.950";"63.980";"278.53K";"-0.48%"
"Sep 07, 2019";"68.790";"64.990";"70.440";"64.570";"305.59K";"5.98%"
"Sep 08, 2019";"70.440";"68.830";"71.370";"68.620";"315.05K";"2.40%"
"Sep 09, 2019";"69.890";"70.340";"71.180";"68.040";"229.29K";"-0.78%"
"Sep 10, 2019";"70.850";"69.860";"72.970";"69.860";"315.59K";"1.37%"
"Sep 11, 2019";"69.800";"70.790";"71.460";"68.370";"209.03K";"-1.48%"
"Sep 12, 2019";"69.150";"69.840";"70.000";"68.330";"135.68K";"-0.93%"
"Sep 13, 2019";"68.870";"69.150";"69.560";"67.490";"156.38K";"-0.40%"
"Sep 14, 2019";"70.500";"69.070";"71.120";"68.210";"179.33K";"2.37%"
"Sep 15, 2019";"70.020";"70.550";"71.260";"69.610";"123.16K";"-0.68%"
"Sep 16, 2019";"72.700";"70.040";"73.610";"69.530";"267.61K";"3.83%"
"Sep 17, 2019";"74.080";"72.670";"77.530";"72.170";"331.93K";"1.90%"
"Sep 18, 2019";"77.750";"74.090";"79.980";"74.090";"463.24K";"4.95%"
"Sep 19, 2019";"76.640";"77.740";"77.740";"72.800";"516.34K";"-1.43%"
"Sep 20, 2019";"75.100";"76.650";"76.840";"73.200";"286.43K";"-2.01%"
"Sep 21, 2019";"73.180";"75.060";"75.510";"72.160";"211.64K";"-2.56%"
"Sep 22, 2019";"72.260";"73.220";"73.220";"71.150";"219.32K";"-1.26%"
"Sep 23, 2019";"66.400";"72.230";"74.070";"62.450";"527.47K";"-8.11%"
"Sep 24, 2019";"54.550";"66.490";"67.420";"54.420";"987.75K";"-17.85%"
"Sep 25, 2019";"57.410";"54.790";"58.230";"53.500";"783.16K";"5.24%"
"Sep 26, 2019";"55.140";"57.440";"57.500";"50.580";"629.96K";"-3.95%"
"Sep 27, 2019";"55.890";"55.190";"56.610";"52.910";"390.36K";"1.36%"
"Sep 28, 2019";"55.340";"55.860";"56.110";"53.800";"258.79K";"-0.98%"
"Sep 29, 2019";"53.840";"55.430";"55.550";"52.440";"227.56K";"-2.71%"
"Sep 30, 2019";"55.990";"53.820";"56.180";"52.650";"369.53K";"3.99%"
"Oct 01, 2019";"55.600";"56.020";"57.550";"54.880";"333.74K";"-0.70%"
"Oct 02, 2019";"56.230";"55.630";"56.630";"55.190";"215.62K";"1.13%"
"Oct 03, 2019";"56.390";"56.270";"57.000";"53.860";"252.92K";"0.28%"
"Oct 04, 2019";"56.290";"56.440";"57.390";"55.400";"247.85K";"-0.18%"
"Oct 05, 2019";"56.680";"56.300";"57.350";"55.610";"177.57K";"0.69%"
"Oct 06, 2019";"54.410";"56.710";"56.760";"53.060";"259.83K";"-4.00%"
"Oct 07, 2019";"57.480";"54.430";"58.630";"53.290";"314.71K";"5.64%"
"Oct 08, 2019";"57.000";"57.500";"58.410";"56.510";"183.59K";"-0.84%"
"Oct 09, 2019";"59.140";"56.910";"59.970";"56.600";"344.66K";"3.75%"
"Oct 10, 2019";"57.480";"59.140";"59.310";"57.060";"215.02K";"-2.81%"
"Oct 11, 2019";"55.850";"57.490";"58.340";"55.420";"266.80K";"-2.84%"
"Oct 12, 2019";"55.720";"55.830";"56.500";"55.510";"101.78K";"-0.23%"
"Oct 13, 2019";"56.470";"55.650";"57.600";"55.530";"157.77K";"1.35%"
"Oct 14, 2019";"56.820";"56.440";"57.100";"56.050";"133.32K";"0.62%"
"Oct 15, 2019";"54.580";"56.830";"57.340";"53.530";"332.56K";"-3.94%"
"Oct 16, 2019";"52.470";"54.560";"55.320";"51.370";"299.52K";"-3.87%"
"Oct 17, 2019";"54.930";"52.460";"55.210";"51.620";"238.53K";"4.69%"
"Oct 18, 2019";"53.190";"54.930";"55.010";"52.350";"213.52K";"-3.17%"
"Oct 19, 2019";"53.740";"53.220";"54.100";"52.660";"152.62K";"1.03%"
"Oct 20, 2019";"54.840";"53.720";"55.420";"52.670";"208.37K";"2.05%"
"Oct 21, 2019";"54.660";"54.850";"55.620";"53.750";"207.91K";"-0.33%"
"Oct 22, 2019";"53.350";"54.580";"55.090";"53.090";"160.51K";"-2.40%"
"Oct 23, 2019";"49.540";"53.360";"53.430";"47.390";"509.28K";"-7.14%"
"Oct 24, 2019";"49.550";"49.440";"50.180";"48.320";"308.34K";"0.02%"
"Oct 25, 2019";"56.970";"49.650";"58.660";"49.040";"762.02K";"14.97%"
"Oct 26, 2019";"56.710";"57.150";"63.130";"54.230";"1.04M";"-0.46%"
"Oct 27, 2019";"59.750";"56.720";"62.740";"55.670";"661.11K";"5.36%"
"Oct 28, 2019";"57.740";"59.850";"62.470";"57.490";"539.84K";"-3.36%"
"Oct 29, 2019";"59.740";"57.660";"60.630";"57.660";"401.59K";"3.46%"
"Oct 30, 2019";"57.870";"59.750";"61.000";"56.980";"341.44K";"-3.13%"
"Oct 31, 2019";"58.260";"57.890";"59.410";"57.110";"269.20K";"0.67%"
"Nov 01, 2019";"58.230";"58.290";"58.750";"56.790";"221.22K";"-0.05%"
"Nov 02, 2019";"58.250";"58.280";"59.120";"57.760";"150.65K";"0.03%"
"Nov 03, 2019";"58.280";"58.260";"58.720";"57.220";"140.66K";"0.05%"
"Nov 04, 2019";"61.260";"58.430";"62.190";"57.900";"410.40K";"5.11%"
"Nov 05, 2019";"63.150";"61.250";"64.020";"61.030";"527.08K";"3.09%"
"Nov 06, 2019";"64.110";"63.140";"64.160";"62.610";"334.74K";"1.52%"
"Nov 07, 2019";"61.400";"64.230";"64.240";"60.550";"327.51K";"-4.23%"
"Nov 08, 2019";"60.440";"61.400";"62.460";"59.000";"347.38K";"-1.56%"
"Nov 09, 2019";"62.040";"60.350";"62.350";"60.190";"196.43K";"2.65%"
"Nov 10, 2019";"63.680";"62.040";"65.480";"61.460";"437.89K";"2.64%"
"Nov 11, 2019";"61.800";"63.650";"64.320";"60.810";"409.08K";"-2.95%"
"Nov 12, 2019";"61.390";"61.820";"62.220";"59.780";"299.76K";"-0.66%"
"Nov 13, 2019";"60.930";"61.480";"61.920";"60.410";"175.70K";"-0.75%"
"Nov 14, 2019";"59.030";"60.950";"61.060";"58.450";"289.42K";"-3.12%"
"Nov 15, 2019";"57.600";"59.020";"60.710";"56.490";"333.59K";"-2.42%"
"Nov 16, 2019";"58.270";"57.600";"58.960";"57.160";"135.65K";"1.16%"
"Nov 17, 2019";"59.170";"58.310";"59.900";"57.680";"189.96K";"1.54%"
"Nov 18, 2019";"55.830";"59.200";"59.280";"54.020";"297.48K";"-5.64%"
"Nov 19, 2019";"55.130";"55.750";"56.200";"54.370";"245.06K";"-1.25%"
"Nov 20, 2019";"54.980";"55.110";"56.080";"54.610";"224.54K";"-0.27%"
"Nov 21, 2019";"50.630";"54.970";"55.290";"49.040";"442.67K";"-7.91%"
"Nov 22, 2019";"47.360";"50.610";"51.530";"43.750";"924.65K";"-6.46%"
"Nov 23, 2019";"48.080";"47.320";"48.500";"46.210";"301.74K";"1.52%"
"Nov 24, 2019";"43.840";"48.110";"48.240";"43.680";"419.51K";"-8.82%"
"Nov 25, 2019";"45.570";"43.800";"47.350";"42.130";"571.91K";"3.95%"
"Nov 26, 2019";"46.910";"45.460";"47.300";"45.270";"311.50K";"2.94%"
"Nov 27, 2019";"47.680";"46.890";"48.640";"44.630";"455.92K";"1.64%"
"Nov 28, 2019";"46.790";"47.740";"47.980";"46.290";"268.05K";"-1.87%"
"Nov 29, 2019";"48.560";"46.780";"49.250";"46.740";"301.64K";"3.78%"
"Nov 30, 2019";"47.210";"48.510";"48.750";"46.710";"271.11K";"-2.78%"
"Dec 01, 2019";"47.440";"47.170";"48.290";"45.560";"313.49K";"0.49%"
"Dec 02, 2019";"45.450";"47.540";"47.550";"44.770";"302.49K";"-4.19%"
"Dec 03, 2019";"44.750";"45.440";"46.110";"44.450";"323.94K";"-1.54%"
"Dec 04, 2019";"44.680";"44.710";"46.740";"43.870";"555.29K";"-0.16%"
"Dec 05, 2019";"44.810";"44.590";"45.180";"43.740";"444.88K";"0.29%"
"Dec 06, 2019";"45.270";"44.780";"45.400";"44.070";"273.50K";"1.03%"
"Dec 07, 2019";"45.150";"45.310";"46.060";"44.960";"195.26K";"-0.27%"
"Dec 08, 2019";"45.540";"45.130";"46.130";"44.830";"131.70K";"0.86%"
"Dec 09, 2019";"44.460";"45.540";"45.870";"44.120";"219.79K";"-2.37%"
"Dec 10, 2019";"44.090";"44.470";"44.570";"43.620";"152.99K";"-0.83%"
"Dec 11, 2019";"43.700";"44.090";"44.400";"43.310";"134.28K";"-0.88%"
"Dec 12, 2019";"43.650";"43.930";"44.090";"42.970";"170.07K";"-0.11%"
"Dec 13, 2019";"44.420";"43.670";"44.540";"43.470";"127.94K";"1.76%"
"Dec 14, 2019";"43.260";"44.440";"44.640";"43.190";"121.59K";"-2.61%"
"Dec 15, 2019";"43.440";"43.260";"43.900";"42.920";"105.02K";"0.42%"
"Dec 16, 2019";"39.990";"43.440";"43.560";"39.120";"396.85K";"-7.94%"
"Dec 17, 2019";"36.960";"39.960";"40.110";"36.220";"648.89K";"-7.58%"
"Dec 18, 2019";"40.800";"36.940";"41.440";"35.920";"668.14K";"10.39%"
"Dec 19, 2019";"39.660";"40.830";"41.070";"39.140";"240.52K";"-2.79%"
"Dec 20, 2019";"40.170";"39.730";"40.370";"39.250";"151.52K";"1.29%"
"Dec 21, 2019";"39.690";"40.140";"40.180";"39.500";"91.78K";"-1.19%"
"Dec 22, 2019";"41.790";"39.670";"42.110";"39.630";"208.75K";"5.29%"
"Dec 23, 2019";"40.630";"41.850";"42.630";"40.220";"288.59K";"-2.78%"
"Dec 24, 2019";"40.340";"40.580";"41.100";"39.730";"212.09K";"-0.71%"
"Dec 25, 2019";"40.100";"40.320";"40.440";"39.520";"136.39K";"-0.59%"
"Dec 26, 2019";"40.010";"40.080";"41.640";"39.640";"198.48K";"-0.22%"
"Dec 27, 2019";"40.950";"39.990";"41.370";"39.750";"219.21K";"2.35%"
"Dec 28, 2019";"42.820";"40.950";"43.730";"40.910";"284.18K";"4.57%"
"Dec 29, 2019";"43.110";"42.830";"43.690";"42.190";"337.19K";"0.68%"
"Dec 30, 2019";"42.380";"43.070";"44.110";"41.820";"298.64K";"-1.69%"
"Dec 31, 2019";"41.300";"42.320";"42.960";"41.020";"201.55K";"-2.55%"
"Jan 01, 2020";"41.620";"41.250";"42.070";"41.160";"110.05K";"0.77%"
"Jan 02, 2020";"39.430";"41.620";"41.740";"39.310";"194.48K";"-5.26%"
"Jan 03, 2020";"42.190";"39.410";"42.240";"38.840";"426.51K";"7.00%"
"Jan 04, 2020";"42.780";"42.230";"42.860";"41.800";"249.10K";"1.40%"
"Jan 05, 2020";"43.340";"42.850";"44.520";"42.620";"292.07K";"1.31%"
"Jan 06, 2020";"45.790";"43.290";"45.980";"43.160";"384.90K";"5.65%"
"Jan 07, 2020";"46.350";"45.850";"46.690";"44.550";"493.57K";"1.22%"
"Jan 08, 2020";"45.350";"46.300";"48.450";"44.350";"628.29K";"-2.16%"
"Jan 09, 2020";"44.770";"45.310";"45.790";"43.950";"296.22K";"-1.28%"
"Jan 10, 2020";"49.050";"44.750";"49.600";"43.790";"729.55K";"9.56%"
"Jan 11, 2020";"49.460";"49.060";"51.920";"47.950";"681.49K";"0.84%"
"Jan 12, 2020";"51.320";"49.260";"51.400";"48.870";"532.32K";"3.76%"
"Jan 13, 2020";"49.590";"51.390";"51.390";"48.970";"384.39K";"-3.37%"
"Jan 14, 2020";"58.510";"49.580";"60.720";"49.580";"1.23M";"17.99%"
"Jan 15, 2020";"58.200";"57.720";"60.230";"55.360";"720.90K";"-0.53%"
"Jan 16, 2020";"57.680";"58.290";"58.500";"54.830";"477.76K";"-0.89%"
"Jan 17, 2020";"61.100";"57.580";"63.200";"56.780";"767.57K";"5.93%"
"Jan 18, 2020";"59.320";"61.050";"62.360";"58.090";"498.61K";"-2.91%"
"Jan 19, 2020";"57.700";"59.200";"62.340";"55.520";"531.19K";"-2.73%"
"Jan 20, 2020";"57.190";"57.590";"58.200";"55.890";"262.34K";"-0.88%"
"Jan 21, 2020";"57.570";"57.270";"58.090";"56.000";"216.54K";"0.66%"
"Jan 22, 2020";"58.340";"57.640";"59.160";"57.190";"218.63K";"1.34%"
"Jan 23, 2020";"54.440";"58.370";"58.380";"52.580";"464.84K";"-6.68%"
"Jan 24, 2020";"54.380";"54.610";"55.390";"50.750";"550.94K";"-0.11%"
"Jan 25, 2020";"53.250";"54.410";"54.410";"52.340";"282.00K";"-2.08%"
"Jan 26, 2020";"56.240";"52.950";"56.450";"52.890";"348.38K";"5.62%"
"Jan 27, 2020";"58.560";"56.260";"59.560";"55.960";"504.62K";"4.13%"
"Jan 28, 2020";"60.530";"58.570";"61.590";"57.530";"720.27K";"3.36%"
"Jan 29, 2020";"59.780";"60.670";"62.420";"59.400";"570.11K";"-1.24%"
"Jan 30, 2020";"68.010";"59.810";"70.150";"58.320";"1.29M";"13.77%"
"Jan 31, 2020";"68.050";"67.950";"69.760";"65.620";"938.21K";"0.06%"
"Feb 01, 2020";"70.720";"68.180";"72.660";"67.670";"952.97K";"3.92%"
"Feb 02, 2020";"70.040";"70.680";"73.330";"67.830";"818.33K";"-0.96%"
"Feb 03, 2020";"69.680";"69.860";"72.870";"68.630";"689.24K";"-0.51%"
"Feb 04, 2020";"68.090";"69.630";"70.410";"66.680";"487.05K";"-2.28%"
"Feb 05, 2020";"72.580";"68.060";"73.400";"67.650";"646.78K";"6.59%"
"Feb 06, 2020";"73.570";"72.600";"75.020";"70.960";"715.18K";"1.36%"
"Feb 07, 2020";"74.290";"73.630";"75.420";"72.960";"542.43K";"0.98%"
"Feb 08, 2020";"76.650";"74.320";"77.800";"71.630";"647.82K";"3.18%"
"Feb 09, 2020";"77.010";"76.530";"78.380";"75.090";"475.69K";"0.47%"
"Feb 10, 2020";"74.000";"76.980";"77.410";"72.340";"709.81K";"-3.91%"
"Feb 11, 2020";"76.480";"74.010";"77.330";"72.640";"556.96K";"3.35%"
"Feb 12, 2020";"81.130";"76.570";"82.700";"76.570";"771.58K";"6.08%"
"Feb 13, 2020";"80.630";"81.150";"84.190";"77.160";"1.05M";"-0.62%"
"Feb 14, 2020";"83.140";"80.550";"83.780";"78.730";"523.51K";"3.11%"
"Feb 15, 2020";"76.740";"83.200";"83.470";"75.160";"704.59K";"-7.70%"
"Feb 16, 2020";"74.790";"76.610";"80.720";"67.930";"998.21K";"-2.54%"
"Feb 17, 2020";"73.300";"74.380";"75.450";"68.630";"738.24K";"-1.99%"
"Feb 18, 2020";"77.160";"73.550";"78.860";"70.190";"713.63K";"5.27%"
"Feb 19, 2020";"70.710";"77.120";"79.010";"68.180";"543.85K";"-8.36%"
"Feb 20, 2020";"69.420";"70.560";"72.240";"66.140";"731.35K";"-1.82%"
"Feb 21, 2020";"73.260";"69.440";"75.180";"68.580";"627.14K";"5.53%"
"Feb 22, 2020";"74.790";"73.230";"76.710";"72.340";"651.49K";"2.09%"
"Feb 23, 2020";"79.730";"74.730";"79.900";"74.700";"665.53K";"6.61%"
"Feb 24, 2020";"75.590";"79.540";"79.670";"71.850";"936.84K";"-5.19%"
"Feb 25, 2020";"71.050";"75.660";"76.010";"69.880";"777.95K";"-6.01%"
"Feb 26, 2020";"60.450";"70.990";"72.120";"57.800";"1.52M";"-14.92%"
"Feb 27, 2020";"61.700";"60.400";"64.920";"57.290";"1.11M";"2.07%"
"Feb 28, 2020";"59.880";"61.790";"63.310";"57.000";"1.07M";"-2.95%"
"Feb 29, 2020";"58.090";"60.030";"61.570";"58.020";"506.91K";"-2.99%"
"Mar 01, 2020";"57.750";"58.020";"60.240";"56.250";"634.06K";"-0.59%"
"Mar 02, 2020";"61.420";"57.660";"62.210";"57.300";"661.07K";"6.35%"
"Mar 03, 2020";"61.010";"61.390";"62.360";"59.570";"640.94K";"-0.67%"
"Mar 04, 2020";"60.360";"61.110";"61.770";"58.930";"424.29K";"-1.07%"
"Mar 05, 2020";"62.060";"60.370";"63.200";"60.370";"557.06K";"2.82%"
"Mar 06, 2020";"63.210";"61.950";"63.760";"61.290";"469.53K";"1.85%"
"Mar 07, 2020";"60.480";"63.340";"63.840";"60.020";"444.27K";"-4.32%"
"Mar 08, 2020";"50.990";"60.320";"60.320";"50.690";"944.99K";"-15.69%"
"Mar 09, 2020";"50.500";"51.190";"52.240";"46.720";"1.43M";"-0.96%"
"Mar 10, 2020";"50.190";"50.400";"51.350";"49.080";"728.48K";"-0.61%"
"Mar 11, 2020";"48.520";"50.260";"50.730";"45.610";"800.09K";"-3.33%"
"Mar 12, 2020";"29.790";"48.630";"48.740";"28.830";"2.24M";"-38.60%"
"Mar 13, 2020";"37.470";"30.600";"39.800";"24.000";"3.44M";"25.78%"
"Mar 14, 2020";"34.430";"37.510";"37.640";"33.900";"1.18M";"-8.11%"
"Mar 15, 2020";"36.410";"34.400";"38.570";"34.050";"1.04M";"5.75%"
"Mar 16, 2020";"33.070";"36.380";"36.380";"29.400";"1.62M";"-9.17%"
"Mar 17, 2020";"34.220";"33.230";"35.760";"32.460";"945.28K";"3.48%"
"Mar 18, 2020";"34.710";"34.250";"34.780";"32.410";"1.04M";"1.43%"
"Mar 19, 2020";"38.930";"34.840";"40.700";"34.040";"1.34M";"12.16%"
"Mar 20, 2020";"38.080";"39.020";"43.450";"34.140";"1.57M";"-2.18%"
"Mar 21, 2020";"38.330";"38.110";"39.690";"36.390";"667.29K";"0.66%"
"Mar 22, 2020";"35.430";"38.240";"39.680";"35.040";"714.40K";"-7.57%"
"Mar 23, 2020";"38.930";"35.310";"39.790";"35.000";"860.02K";"9.88%"
"Mar 24, 2020";"40.560";"38.950";"40.880";"38.260";"593.69K";"4.19%"
"Mar 25, 2020";"39.170";"40.480";"40.890";"38.190";"577.41K";"-3.43%"
"Mar 26, 2020";"40.390";"39.380";"40.450";"38.480";"415.57K";"3.11%"
"Mar 27, 2020";"38.020";"40.440";"41.070";"37.940";"481.71K";"-5.87%"
"Mar 28, 2020";"38.830";"37.900";"39.400";"36.640";"624.34K";"2.13%"
"Mar 29, 2020";"37.110";"38.950";"39.110";"37.010";"402.08K";"-4.43%"
"Mar 30, 2020";"38.900";"37.260";"39.550";"37.110";"432.75K";"4.82%"
"Mar 31, 2020";"39.080";"38.820";"39.300";"38.440";"378.43K";"0.46%"
"Apr 01, 2020";"39.210";"39.110";"39.390";"37.180";"489.80K";"0.33%"
"Apr 02, 2020";"39.900";"39.300";"42.570";"39.020";"701.66K";"1.76%"
"Apr 03, 2020";"40.480";"39.870";"41.220";"39.640";"463.45K";"1.45%"
"Apr 04, 2020";"40.710";"40.420";"41.030";"39.990";"362.58K";"0.57%"
"Apr 05, 2020";"40.330";"40.740";"40.980";"39.890";"231.04K";"-0.93%"
"Apr 06, 2020";"45.030";"40.310";"45.030";"40.310";"721.14K";"11.65%"
"Apr 07, 2020";"44.790";"45.030";"47.610";"43.820";"808.57K";"-0.53%"
"Apr 08, 2020";"46.550";"44.790";"47.190";"44.300";"500.06K";"3.93%"
"Apr 09, 2020";"46.280";"46.420";"46.840";"44.710";"400.87K";"-0.58%"
"Apr 10, 2020";"42.260";"46.210";"46.380";"40.890";"785.34K";"-8.69%"
"Apr 11, 2020";"42.530";"42.280";"43.110";"41.440";"382.33K";"0.64%"
"Apr 12, 2020";"42.030";"42.560";"43.570";"41.840";"498.55K";"-1.18%"
"Apr 13, 2020";"41.220";"41.960";"41.960";"39.720";"744.94K";"-1.93%"
"Apr 14, 2020";"41.210";"41.290";"41.840";"40.520";"420.84K";"-0.02%"
"Apr 15, 2020";"39.230";"41.130";"41.720";"39.150";"460.36K";"-4.80%"
"Apr 16, 2020";"42.550";"39.100";"43.680";"37.960";"913.07K";"8.46%"
"Apr 17, 2020";"42.180";"42.570";"42.990";"41.640";"407.07K";"-0.87%"
"Apr 18, 2020";"44.110";"42.170";"44.380";"42.040";"497.22K";"4.58%"
"Apr 19, 2020";"42.230";"44.170";"44.270";"41.800";"456.20K";"-4.26%"
"Apr 20, 2020";"40.260";"42.210";"43.200";"39.660";"543.59K";"-4.66%"
"Apr 21, 2020";"40.600";"40.200";"41.310";"40.020";"346.86K";"0.84%"
"Apr 22, 2020";"41.810";"40.560";"42.250";"40.290";"463.09K";"2.98%"
"Apr 23, 2020";"42.970";"41.820";"43.900";"40.990";"640.14K";"2.77%"
"Apr 24, 2020";"44.480";"42.950";"44.980";"42.860";"623.64K";"3.51%"
"Apr 25, 2020";"44.370";"44.550";"45.550";"43.900";"555.61K";"-0.25%"
"Apr 26, 2020";"44.510";"44.320";"45.290";"43.830";"485.59K";"0.32%"
"Apr 27, 2020";"44.480";"44.570";"45.180";"43.290";"443.56K";"-0.07%"
"Apr 28, 2020";"45.710";"44.490";"46.110";"43.430";"589.91K";"2.77%"
"Apr 29, 2020";"48.760";"45.800";"49.800";"45.680";"1.20M";"6.67%"
"Apr 30, 2020";"46.360";"48.750";"50.770";"45.700";"1.40M";"-4.92%"
"May 01, 2020";"47.070";"46.310";"48.190";"46.310";"500.03K";"1.53%"
"May 02, 2020";"49.200";"46.940";"49.530";"46.730";"409.07K";"4.53%"
"May 03, 2020";"48.110";"49.180";"49.950";"46.870";"566.88K";"-2.22%"
"May 04, 2020";"46.960";"48.090";"48.150";"45.190";"693.37K";"-2.39%"
"May 05, 2020";"46.600";"47.000";"47.740";"45.760";"414.79K";"-0.77%"
"May 06, 2020";"45.010";"46.540";"47.510";"44.810";"465.86K";"-3.41%"
"May 07, 2020";"47.370";"44.800";"48.140";"44.480";"796.11K";"5.24%"
"May 08, 2020";"47.730";"47.400";"48.410";"46.370";"631.88K";"0.76%"
"May 09, 2020";"46.970";"47.680";"49.100";"46.900";"656.20K";"-1.59%"
"May 10, 2020";"42.100";"46.950";"46.950";"39.410";"1.40M";"-10.37%"
"May 11, 2020";"41.570";"42.150";"42.870";"39.570";"953.82K";"-1.26%"
"May 12, 2020";"42.180";"41.490";"42.780";"41.320";"601.03K";"1.47%"
"May 13, 2020";"43.180";"42.110";"43.730";"41.960";"404.51K";"2.37%"
"May 14, 2020";"43.970";"43.200";"44.320";"42.370";"507.16K";"1.83%"
"May 15, 2020";"42.730";"43.960";"44.130";"42.090";"469.17K";"-2.82%"
"May 16, 2020";"43.280";"42.770";"43.840";"42.520";"435.94K";"1.29%"
"May 17, 2020";"43.680";"43.240";"44.450";"43.100";"344.60K";"0.92%"
"May 18, 2020";"45.320";"43.710";"46.510";"43.660";"694.37K";"3.75%"
"May 19, 2020";"45.700";"45.340";"45.790";"44.130";"375.87K";"0.84%"
"May 20, 2020";"44.230";"45.710";"46.120";"43.380";"546.35K";"-3.22%"
"May 21, 2020";"42.700";"44.230";"44.600";"41.780";"504.67K";"-3.46%"
"May 22, 2020";"44.230";"42.710";"44.650";"42.400";"398.44K";"3.58%"
"May 23, 2020";"43.870";"44.250";"44.730";"43.680";"237.49K";"-0.81%"
"May 24, 2020";"42.190";"43.790";"44.540";"42.190";"359.47K";"-3.83%"
"May 25, 2020";"42.980";"42.060";"43.310";"41.830";"251.77K";"1.87%"
"May 26, 2020";"42.270";"42.940";"43.060";"41.810";"218.68K";"-1.65%"
"May 27, 2020";"43.830";"42.270";"44.000";"42.240";"282.79K";"3.69%"
"May 28, 2020";"44.740";"43.840";"44.870";"43.200";"291.23K";"2.08%"
"May 29, 2020";"44.490";"44.760";"45.250";"44.190";"298.90K";"-0.56%"
"May 30, 2020";"47.700";"44.480";"47.870";"44.190";"589.98K";"7.22%"
"May 31, 2020";"45.600";"47.800";"47.800";"45.220";"494.16K";"-4.40%"
"Jun 01, 2020";"48.250";"45.590";"48.790";"45.370";"598.79K";"5.81%"
"Jun 02, 2020";"46.060";"48.250";"49.950";"44.670";"921.07K";"-4.54%"
"Jun 03, 2020";"47.150";"45.990";"47.460";"45.440";"427.97K";"2.37%"
"Jun 04, 2020";"47.470";"47.170";"48.090";"46.370";"471.87K";"0.68%"
"Jun 05, 2020";"46.810";"47.460";"47.940";"46.640";"400.97K";"-1.39%"
"Jun 06, 2020";"46.790";"46.600";"47.170";"46.230";"226.47K";"-0.04%"
"Jun 07, 2020";"46.620";"46.790";"46.960";"45.240";"306.22K";"-0.36%"
"Jun 08, 2020";"46.390";"46.640";"46.770";"45.960";"220.40K";"-0.49%"
"Jun 09, 2020";"45.880";"46.480";"46.760";"45.420";"219.75K";"-1.10%"
"Jun 10, 2020";"46.630";"45.890";"47.070";"45.680";"319.61K";"1.63%"
"Jun 11, 2020";"43.300";"46.670";"46.860";"42.160";"537.68K";"-7.14%"
"Jun 12, 2020";"44.710";"43.220";"45.310";"42.840";"237.91K";"3.26%"
"Jun 13, 2020";"45.090";"44.710";"45.190";"44.310";"151.58K";"0.85%"
"Jun 14, 2020";"44.050";"45.100";"45.100";"43.620";"170.08K";"-2.31%"
"Jun 15, 2020";"43.730";"44.020";"44.080";"41.870";"355.28K";"-0.73%"
"Jun 16, 2020";"43.890";"43.740";"44.170";"43.390";"215.56K";"0.37%"
"Jun 17, 2020";"44.070";"43.920";"44.950";"43.030";"324.89K";"0.41%"
"Jun 18, 2020";"43.450";"44.080";"44.210";"42.900";"193.51K";"-1.41%"
"Jun 19, 2020";"42.890";"43.380";"43.650";"42.740";"304.86K";"-1.29%"
"Jun 20, 2020";"43.570";"42.820";"43.840";"42.420";"202.43K";"1.59%"
"Jun 21, 2020";"43.000";"43.640";"43.820";"42.930";"159.66K";"-1.31%"
"Jun 22, 2020";"44.310";"43.000";"44.650";"42.950";"281.74K";"3.05%"
"Jun 23, 2020";"44.180";"44.330";"44.480";"43.910";"219.44K";"-0.29%"
"Jun 24, 2020";"42.660";"44.170";"44.640";"42.250";"356.81K";"-3.44%"
"Jun 25, 2020";"42.360";"42.650";"42.980";"41.720";"246.29K";"-0.70%"
"Jun 26, 2020";"43.090";"42.330";"43.520";"41.380";"348.40K";"1.72%"
"Jun 27, 2020";"41.060";"43.090";"43.100";"39.400";"301.37K";"-4.71%"
"Jun 28, 2020";"41.390";"41.050";"42.030";"40.500";"169.07K";"0.80%"
"Jun 29, 2020";"41.870";"41.370";"42.260";"40.610";"323.51K";"1.16%"
"Jun 30, 2020";"41.160";"41.920";"42.040";"40.800";"170.76K";"-1.70%"
"Jul 01, 2020";"41.780";"41.130";"42.000";"40.990";"189.82K";"1.51%"
"Jul 02, 2020";"41.020";"41.780";"41.880";"40.350";"274.51K";"-1.82%"
"Jul 03, 2020";"41.160";"41.030";"41.700";"40.910";"190.26K";"0.34%"
"Jul 04, 2020";"42.110";"41.120";"42.180";"41.080";"239.31K";"2.31%"
"Jul 05, 2020";"41.650";"42.100";"42.190";"41.090";"234.02K";"-1.09%"
"Jul 06, 2020";"44.040";"41.650";"44.040";"41.650";"369.49K";"5.74%"
"Jul 07, 2020";"43.390";"44.020";"44.020";"43.160";"307.77K";"-1.48%"
"Jul 08, 2020";"45.310";"43.420";"45.340";"43.280";"537.29K";"4.42%"
"Jul 09, 2020";"44.330";"45.390";"45.700";"43.880";"413.27K";"-2.16%"
"Jul 10, 2020";"44.280";"44.330";"44.530";"43.820";"256.74K";"-0.11%"
"Jul 11, 2020";"44.690";"44.320";"44.690";"44.060";"186.31K";"0.93%"
"Jul 12, 2020";"44.740";"44.710";"44.990";"44.170";"245.53K";"0.11%"
"Jul 13, 2020";"43.920";"44.780";"45.400";"43.890";"445.13K";"-1.83%"
"Jul 14, 2020";"43.860";"43.880";"43.990";"43.320";"246.96K";"-0.14%"
"Jul 15, 2020";"43.320";"43.870";"43.870";"43.200";"216.88K";"-1.23%"
"Jul 16, 2020";"42.090";"43.350";"43.370";"41.700";"389.79K";"-2.84%"
"Jul 17, 2020";"41.890";"42.090";"42.130";"41.890";"201.90K";"-0.48%"
"Jul 18, 2020";"42.450";"41.860";"42.730";"41.810";"171.48K";"1.34%"
"Jul 19, 2020";"42.650";"42.460";"42.650";"42.120";"195.43K";"0.47%"
"Jul 20, 2020";"41.940";"42.680";"42.680";"41.920";"180.28K";"-1.66%"
"Jul 21, 2020";"43.790";"41.920";"43.890";"41.920";"314.42K";"4.41%"
"Jul 22, 2020";"44.990";"43.740";"44.990";"43.460";"335.63K";"2.74%"
"Jul 23, 2020";"44.930";"44.990";"45.340";"44.670";"432.53K";"-0.13%"
"Jul 24, 2020";"44.110";"44.900";"44.900";"44.110";"246.80K";"-1.83%"
"Jul 25, 2020";"49.160";"44.150";"49.160";"44.150";"908.34K";"11.45%"
"Jul 26, 2020";"48.100";"49.070";"50.710";"48.100";"895.76K";"-2.16%"
"Jul 27, 2020";"53.320";"48.090";"54.200";"47.790";"1.50M";"10.85%"
"Jul 28, 2020";"55.780";"53.310";"56.950";"53.120";"1.52M";"4.61%"
"Jul 29, 2020";"55.200";"55.810";"56.100";"55.200";"820.95K";"-1.04%"
"Jul 30, 2020";"56.690";"54.400";"57.340";"54.400";"1.02M";"2.70%"
"Jul 31, 2020";"58.140";"56.860";"58.480";"56.090";"656.37K";"2.56%"
"Aug 01, 2020";"61.650";"58.260";"61.650";"58.260";"1.21M";"6.04%"
"Aug 02, 2020";"56.750";"61.620";"63.910";"56.520";"1.81M";"-7.95%"
"Aug 03, 2020";"58.480";"56.780";"59.630";"56.780";"824.89K";"3.05%"
"Aug 04, 2020";"57.610";"58.480";"59.230";"57.180";"625.61K";"-1.49%"
"Aug 05, 2020";"58.860";"57.700";"59.350";"57.350";"716.10K";"2.17%"
"Aug 06, 2020";"59.050";"58.880";"60.240";"58.150";"822.49K";"0.32%"
"Aug 07, 2020";"57.170";"59.020";"60.220";"57.030";"898.05K";"-3.18%"
"Aug 08, 2020";"58.460";"57.090";"58.460";"56.910";"428.02K";"2.26%"
"Aug 09, 2020";"56.950";"58.530";"58.530";"56.490";"369.31K";"-2.58%"
"Aug 10, 2020";"58.270";"56.980";"58.450";"56.980";"651.67K";"2.32%"
"Aug 11, 2020";"54.160";"58.270";"58.650";"53.550";"887.51K";"-7.05%"
"Aug 12, 2020";"54.420";"54.110";"54.730";"53.530";"644.39K";"0.48%"
"Aug 13, 2020";"57.090";"54.530";"57.090";"53.280";"837.49K";"4.91%"
"Aug 14, 2020";"56.780";"57.210";"57.630";"56.110";"728.29K";"-0.54%"
"Aug 15, 2020";"59.860";"56.920";"60.280";"56.920";"1.14M";"5.42%"
"Aug 16, 2020";"63.890";"59.830";"63.890";"59.830";"1.58M";"6.73%"
"Aug 17, 2020";"67.200";"63.950";"68.180";"62.870";"1.79M";"5.18%"
"Aug 18, 2020";"65.490";"67.180";"67.800";"65.450";"1.56M";"-2.54%"
"Aug 19, 2020";"61.990";"65.400";"65.640";"60.100";"1.70M";"-5.34%"
"Aug 20, 2020";"62.780";"62.140";"63.100";"61.420";"868.20K";"1.27%"
"Aug 21, 2020";"59.070";"62.790";"62.980";"59.070";"1.05M";"-5.91%"
"Aug 22, 2020";"60.220";"59.190";"60.320";"58.550";"735.65K";"1.95%"
"Aug 23, 2020";"60.510";"60.270";"61.400";"58.420";"629.72K";"0.48%"
"Aug 24, 2020";"62.040";"60.580";"62.400";"60.280";"687.32K";"2.53%"
"Aug 25, 2020";"58.300";"62.060";"62.060";"56.850";"1.17M";"-6.03%"
"Aug 26, 2020";"58.100";"58.310";"58.600";"57.180";"663.39K";"-0.34%"
"Aug 27, 2020";"56.100";"58.130";"58.480";"55.270";"975.87K";"-3.44%"
"Aug 28, 2020";"57.360";"56.170";"57.990";"56.170";"644.93K";"2.25%"
"Aug 29, 2020";"56.960";"57.400";"57.810";"56.960";"408.19K";"-0.70%"
"Aug 30, 2020";"62.860";"56.940";"62.860";"56.940";"839.21K";"10.36%"
"Aug 31, 2020";"60.920";"63.000";"63.000";"60.720";"680.20K";"-3.09%"
"Sep 01, 2020";"62.680";"61.010";"63.750";"60.530";"972.58K";"2.89%"
"Sep 02, 2020";"58.060";"62.680";"62.850";"57.850";"934.04K";"-7.37%"
"Sep 03, 2020";"47.400";"58.000";"58.000";"47.400";"1.32M";"-18.36%"
"Sep 04, 2020";"50.380";"47.310";"51.110";"46.970";"1.48M";"6.29%"
"Sep 05, 2020";"47.800";"50.370";"50.370";"47.030";"1.35M";"-5.12%"
"Sep 06, 2020";"47.880";"47.750";"48.790";"47.440";"653.87K";"0.17%"
"Sep 07, 2020";"48.840";"47.920";"48.840";"45.390";"826.65K";"2.01%"
"Sep 08, 2020";"47.450";"48.880";"48.880";"46.660";"759.91K";"-2.85%"
"Sep 09, 2020";"47.840";"47.440";"48.560";"46.740";"378.95K";"0.82%"
"Sep 10, 2020";"48.680";"47.870";"49.050";"47.870";"475.21K";"1.76%"
"Sep 11, 2020";"48.950";"48.650";"48.950";"48.010";"367.15K";"0.55%"
"Sep 12, 2020";"50.800";"48.950";"51.000";"48.670";"452.36K";"3.78%"
"Sep 13, 2020";"48.680";"50.800";"51.020";"48.680";"545.03K";"-4.17%"
"Feb 17, 2021";"237.110";"223.480";"237.110";"222.950";"1.84M";"387.08%"
"Feb 18, 2021";"226.690";"237.670";"238.010";"226.250";"1.58M";"-4.39%"
"Feb 19, 2021";"236.530";"227.860";"241.450";"223.130";"1.40M";"4.34%"
"Feb 20, 2021";"227.180";"237.250";"245.060";"227.180";"1.70M";"-3.95%"
"Feb 21, 2021";"227.220";"226.610";"231.440";"223.560";"1.27M";"0.02%"
"Feb 22, 2021";"208.010";"227.100";"227.100";"201.310";"2.56M";"-8.45%"
"Feb 23, 2021";"177.620";"208.310";"208.310";"165.020";"3.67M";"-14.61%"
"Feb 24, 2021";"181.390";"177.820";"188.670";"177.090";"1.83M";"2.12%"
"Feb 25, 2021";"179.600";"181.340";"200.910";"177.280";"1.96M";"-0.99%"
"Feb 26, 2021";"170.020";"179.100";"179.100";"162.870";"2.18M";"-5.33%"
"Feb 27, 2021";"171.740";"170.290";"177.060";"170.290";"1.11M";"1.01%"
"Feb 28, 2021";"165.150";"171.720";"171.720";"156.990";"1.68M";"-3.84%"
"Mar 01, 2021";"175.970";"165.480";"175.970";"163.790";"1.22M";"6.55%"
"Mar 02, 2021";"178.740";"175.950";"182.100";"172.020";"1.44M";"1.57%"
"Mar 03, 2021";"188.020";"178.150";"194.560";"178.150";"1.87M";"5.19%"
"Mar 04, 2021";"180.530";"187.590";"192.160";"180.120";"1.49M";"-3.98%"
"Mar 05, 2021";"180.450";"180.610";"180.900";"170.040";"1.18M";"-0.04%"
"Mar 06, 2021";"182.640";"180.330";"183.300";"177.900";"936.73K";"1.21%"
"Mar 07, 2021";"190.670";"183.370";"190.670";"183.370";"819.53K";"4.40%"
"Mar 08, 2021";"191.710";"190.840";"193.170";"182.430";"1.17M";"0.55%"
"Mar 09, 2021";"203.720";"192.510";"203.720";"190.400";"1.28M";"6.26%"
"Mar 10, 2021";"200.460";"204.630";"206.850";"194.560";"1.42M";"-1.60%"
"Mar 11, 2021";"201.370";"200.290";"201.840";"192.560";"981.52K";"0.45%"
"Mar 12, 2021";"220.610";"202.280";"221.840";"202.280";"2.08M";"9.55%"
"Mar 13, 2021";"226.320";"220.990";"228.360";"215.780";"1.33M";"2.59%"
"Mar 14, 2021";"214.240";"225.830";"225.830";"214.240";"805.33K";"-5.34%"
"Mar 15, 2021";"200.590";"214.820";"219.890";"200.590";"1.41M";"-6.37%"
"Mar 16, 2021";"201.650";"200.890";"203.580";"196.710";"1.06M";"0.53%"
"Mar 17, 2021";"205.930";"201.700";"205.930";"195.200";"885.68K";"2.12%"
"Mar 18, 2021";"199.740";"206.770";"207.210";"199.740";"776.25K";"-3.01%"
"Mar 19, 2021";"200.060";"199.970";"202.970";"199.860";"536.73K";"0.16%"
"Mar 20, 2021";"199.820";"200.190";"204.330";"199.820";"473.42K";"-0.12%"
"Mar 21, 2021";"195.350";"200.160";"200.630";"193.650";"581.84K";"-2.24%"
"Mar 22, 2021";"185.720";"195.810";"197.130";"185.720";"726.25K";"-4.93%"
"Mar 23, 2021";"186.190";"185.650";"188.180";"182.560";"638.93K";"0.25%"
"Mar 24, 2021";"176.070";"185.830";"196.790";"176.070";"1.19M";"-5.44%"
"Mar 25, 2021";"171.610";"175.640";"176.600";"170.350";"957.19K";"-2.53%"
"Mar 26, 2021";"183.450";"171.530";"183.450";"171.530";"721.82K";"6.90%"
"Mar 27, 2021";"184.050";"183.850";"185.460";"179.670";"475.86K";"0.33%"
"Mar 28, 2021";"184.290";"184.060";"185.520";"181.070";"380.62K";"0.13%"
"Mar 29, 2021";"193.800";"184.320";"196.350";"184.320";"904.76K";"5.16%"
"Mar 30, 2021";"195.720";"194.260";"199.310";"190.840";"932.22K";"0.99%"
"Mar 31, 2021";"196.720";"195.690";"196.720";"189.320";"698.22K";"0.51%"
"Apr 01, 2021";"202.330";"197.510";"202.990";"195.380";"876.54K";"2.85%"
"Apr 02, 2021";"211.840";"203.720";"211.840";"201.120";"942.91K";"4.70%"
"Apr 03, 2021";"195.260";"211.770";"215.320";"195.260";"955.94K";"-7.83%"
"Apr 04, 2021";"202.250";"195.070";"202.930";"195.070";"565.48K";"3.58%"
"Apr 05, 2021";"221.080";"202.770";"221.080";"198.880";"1.33M";"9.31%"
"Apr 06, 2021";"236.870";"222.200";"241.250";"219.260";"2.45M";"7.14%"
"Apr 07, 2021";"219.150";"237.560";"240.050";"216.070";"2.26M";"-7.48%"
"Apr 08, 2021";"226.440";"219.100";"226.440";"219.100";"1.07M";"3.33%"
"Apr 09, 2021";"220.830";"226.360";"227.180";"220.830";"689.19K";"-2.48%"
"Apr 10, 2021";"256.430";"221.140";"256.430";"220.910";"1.86M";"16.12%"
"Apr 11, 2021";"252.310";"256.950";"259.560";"247.440";"1.89M";"-1.61%"
"Apr 12, 2021";"244.390";"252.720";"256.200";"243.990";"1.37M";"-3.14%"
"Apr 13, 2021";"267.370";"245.080";"269.620";"245.080";"1.93M";"9.40%"
"Apr 14, 2021";"278.760";"267.560";"280.670";"264.460";"1.99M";"4.26%"
"Apr 15, 2021";"285.810";"280.090";"286.130";"270.000";"1.41M";"2.53%"
"Apr 16, 2021";"309.040";"287.020";"316.280";"276.000";"3.15M";"8.13%"
"Apr 17, 2021";"301.910";"308.580";"327.130";"301.910";"2.57M";"-2.31%"
"Apr 18, 2021";"273.020";"302.630";"302.630";"244.400";"3.35M";"-9.57%"
"Apr 19, 2021";"261.360";"274.430";"280.560";"253.510";"1.97M";"-4.27%"
"Apr 20, 2021";"261.000";"262.520";"270.610";"247.420";"2.11M";"-0.14%"
"Apr 21, 2021";"257.800";"261.190";"274.750";"255.780";"1.84M";"-1.23%"
"Apr 22, 2021";"252.830";"259.120";"284.080";"252.830";"2.86M";"-1.93%"
"Apr 23, 2021";"241.390";"252.780";"252.780";"227.600";"2.87M";"-4.52%"
"Apr 24, 2021";"224.930";"241.320";"241.320";"224.690";"1.15M";"-6.82%"
"Apr 25, 2021";"223.570";"225.810";"232.630";"216.210";"928.52K";"-0.60%"
"Apr 26, 2021";"247.420";"223.310";"247.420";"223.310";"1.24M";"10.67%"
"Apr 27, 2021";"259.820";"246.540";"261.070";"246.540";"1.11M";"5.01%"
"Apr 28, 2021";"258.580";"261.180";"264.290";"252.990";"1.01M";"-0.48%"
"Apr 29, 2021";"255.430";"258.710";"258.710";"251.460";"877.66K";"-1.22%"
"Apr 30, 2021";"271.010";"255.290";"271.010";"254.770";"1.04M";"6.10%"
"May 01, 2021";"276.790";"271.180";"276.790";"268.710";"759.70K";"2.13%"
"May 02, 2021";"268.950";"277.310";"277.310";"267.750";"656.44K";"-2.83%"
"May 03, 2021";"294.670";"268.640";"294.670";"268.640";"1.43M";"9.56%"
"May 04, 2021";"311.640";"296.120";"320.400";"276.920";"3.88M";"5.76%"
"May 05, 2021";"355.750";"331.320";"355.750";"330.690";"3.75M";"14.15%"
"May 06, 2021";"353.380";"356.630";"357.400";"329.940";"2.75M";"-0.67%"
"May 07, 2021";"345.710";"354.590";"365.840";"340.080";"2.82M";"-2.17%"
"May 08, 2021";"347.020";"345.350";"351.860";"341.040";"1.33M";"0.38%"
"May 09, 2021";"387.960";"347.630";"387.960";"337.890";"2.29M";"11.80%"
"May 10, 2021";"359.320";"389.550";"401.470";"350.770";"3.83M";"-7.38%"
"May 11, 2021";"377.870";"358.360";"377.870";"348.450";"2.03M";"5.16%"
"May 12, 2021";"308.980";"377.310";"387.190";"308.980";"2.54M";"-18.23%"
"May 13, 2021";"317.560";"313.690";"331.330";"302.220";"2.98M";"2.78%"